run,id,req_time,ntasks,mem,submit_time,start_time,finish_time,execution_time,operations,mem_vol,profile,resources
0,2.0,10,4,1100,0.2,0.2,3.141176471176471,2.9411764711764707,10000000000,19,High_Intensity,the_platform.cluster0.node0.processor0.core0
0,2.1,10,4,1100,0.2,0.2,3.141176471176471,2.9411764711764707,10000000000,19,High_Intensity,the_platform.cluster0.node0.processor0.core1
0,2.2,10,4,1100,0.2,0.2,3.141176471176471,2.9411764711764707,10000000000,19,High_Intensity,the_platform.cluster0.node0.processor0.core2
0,2.3,10,4,1100,0.2,0.2,3.141176471176471,2.9411764711764707,10000000000,19,High_Intensity,the_platform.cluster0.node0.processor0.core3
0,5.0,1,2,1100,1.2,3.141176471176471,3.4352941182352943,0.29411764705882354,1000000000,19,Low_Intensity,the_platform.cluster0.node0.processor0.core0
0,5.1,1,2,1100,1.2,3.141176471176471,3.4352941182352943,0.29411764705882354,1000000000,19,Low_Intensity,the_platform.cluster0.node0.processor0.core1
0,7.0,1,2,1100,1.8,3.141176471176471,3.4352941182352943,0.29411764705882354,1000000000,19,Low_Intensity,the_platform.cluster0.node0.processor0.core2
0,7.1,1,2,1100,1.8,3.141176471176471,3.4352941182352943,0.29411764705882354,1000000000,19,Low_Intensity,the_platform.cluster0.node0.processor0.core3
0,3.0,1,4,1100,0.4,3.4352941182352943,3.7294117652941177,0.29411764705882354,1000000000,19,Low_Intensity,the_platform.cluster0.node0.processor0.core0
0,3.1,1,4,1100,0.4,3.4352941182352943,3.7294117652941177,0.29411764705882354,1000000000,19,Low_Intensity,the_platform.cluster0.node0.processor0.core1
0,3.2,1,4,1100,0.4,3.4352941182352943,3.7294117652941177,0.29411764705882354,1000000000,19,Low_Intensity,the_platform.cluster0.node0.processor0.core2
0,3.3,1,4,1100,0.4,3.4352941182352943,3.7294117652941177,0.29411764705882354,1000000000,19,Low_Intensity,the_platform.cluster0.node0.processor0.core3
0,1.0,10,4,1100,0.0,0.0,6.666666669294118,6.666666669294118,10000000000,19,High_Intensity,the_platform.cluster0.node1.processor0.core0
0,1.1,10,4,1100,0.0,0.0,6.666666669294118,6.666666669294118,10000000000,19,High_Intensity,the_platform.cluster0.node1.processor0.core1
0,1.2,10,4,1100,0.0,0.0,6.666666669294118,6.666666669294118,10000000000,19,High_Intensity,the_platform.cluster0.node1.processor0.core2
0,1.3,10,4,1100,0.0,0.0,6.666666669294118,6.666666669294118,10000000000,19,High_Intensity,the_platform.cluster0.node1.processor0.core3
0,6.0,10,2,1100,1.4,3.7294117652941177,6.670588236058824,2.941176470764706,10000000000,19,High_Intensity,the_platform.cluster0.node0.processor0.core0
0,6.1,10,2,1100,1.4,3.7294117652941177,6.670588236058824,2.941176470764706,10000000000,19,High_Intensity,the_platform.cluster0.node0.processor0.core1
0,4.0,10,4,1100,1.0,6.666666669294118,13.333333336058825,6.666666666764706,10000000000,19,High_Intensity,the_platform.cluster0.node1.processor0.core0
0,4.1,10,4,1100,1.0,6.666666669294118,13.333333336058825,6.666666666764706,10000000000,19,High_Intensity,the_platform.cluster0.node1.processor0.core1
0,4.2,10,4,1100,1.0,6.666666669294118,13.333333336058825,6.666666666764706,10000000000,19,High_Intensity,the_platform.cluster0.node1.processor0.core2
0,4.3,10,4,1100,1.0,6.666666669294118,13.333333336058825,6.666666666764706,10000000000,19,High_Intensity,the_platform.cluster0.node1.processor0.core3
