run,id,req_time,ntasks,mem,submit_time,start_time,finish_time,execution_time,operations,mem_vol,profile,resources
0,job6934.0,91,25,0,0,0,75.83333333333333,75.83333333333333,227500000000,0,0,the_platform.cluster0.node0.processor0.core0
0,job6934.1,91,25,0,0,0,75.83333333333333,75.83333333333333,227500000000,0,0,the_platform.cluster0.node0.processor0.core1
0,job6934.2,91,25,0,0,0,75.83333333333333,75.83333333333333,227500000000,0,0,the_platform.cluster0.node0.processor0.core2
0,job6934.3,91,25,0,0,0,75.83333333333333,75.83333333333333,227500000000,0,0,the_platform.cluster0.node0.processor0.core3
0,job6934.4,91,25,0,0,0,75.83333333333333,75.83333333333333,227500000000,0,0,the_platform.cluster0.node0.processor0.core4
0,job6934.5,91,25,0,0,0,75.83333333333333,75.83333333333333,227500000000,0,0,the_platform.cluster0.node0.processor0.core5
0,job6934.6,91,25,0,0,0,75.83333333333333,75.83333333333333,227500000000,0,0,the_platform.cluster0.node0.processor0.core6
0,job6934.7,91,25,0,0,0,75.83333333333333,75.83333333333333,227500000000,0,0,the_platform.cluster0.node0.processor0.core7
0,job6934.8,91,25,0,0,0,75.83333333333333,75.83333333333333,227500000000,0,0,the_platform.cluster0.node0.processor0.core8
0,job6934.9,91,25,0,0,0,75.83333333333333,75.83333333333333,227500000000,0,0,the_platform.cluster0.node0.processor0.core9
0,job6934.10,91,25,0,0,0,75.83333333333333,75.83333333333333,227500000000,0,0,the_platform.cluster0.node0.processor0.core10
0,job6934.11,91,25,0,0,0,75.83333333333333,75.83333333333333,227500000000,0,0,the_platform.cluster0.node0.processor0.core11
0,job6934.12,91,25,0,0,0,75.83333333333333,75.83333333333333,227500000000,0,0,the_platform.cluster0.node0.processor0.core12
0,job6934.13,91,25,0,0,0,75.83333333333333,75.83333333333333,227500000000,0,0,the_platform.cluster0.node0.processor0.core13
0,job6934.14,91,25,0,0,0,75.83333333333333,75.83333333333333,227500000000,0,0,the_platform.cluster0.node0.processor0.core14
0,job6934.15,91,25,0,0,0,75.83333333333333,75.83333333333333,227500000000,0,0,the_platform.cluster0.node0.processor0.core15
0,job6934.16,91,25,0,0,0,75.83333333333333,75.83333333333333,227500000000,0,0,the_platform.cluster0.node0.processor0.core16
0,job6934.17,91,25,0,0,0,75.83333333333333,75.83333333333333,227500000000,0,0,the_platform.cluster0.node0.processor0.core17
0,job6934.18,91,25,0,0,0,75.83333333333333,75.83333333333333,227500000000,0,0,the_platform.cluster0.node0.processor0.core18
0,job6934.19,91,25,0,0,0,75.83333333333333,75.83333333333333,227500000000,0,0,the_platform.cluster0.node0.processor0.core19
0,job6934.20,91,25,0,0,0,75.83333333333333,75.83333333333333,227500000000,0,0,the_platform.cluster0.node0.processor0.core20
0,job6934.21,91,25,0,0,0,75.83333333333333,75.83333333333333,227500000000,0,0,the_platform.cluster0.node0.processor0.core21
0,job6934.22,91,25,0,0,0,75.83333333333333,75.83333333333333,227500000000,0,0,the_platform.cluster0.node0.processor0.core22
0,job6934.23,91,25,0,0,0,75.83333333333333,75.83333333333333,227500000000,0,0,the_platform.cluster0.node0.processor0.core23
0,job6934.24,91,25,0,0,0,75.83333333333333,75.83333333333333,227500000000,0,0,the_platform.cluster0.node0.processor0.core24
0,job6935.0,115,20,0,721,721.0,816.8333333333334,95.83333333333333,287500000000,0,1,the_platform.cluster0.node0.processor0.core0
0,job6935.1,115,20,0,721,721.0,816.8333333333334,95.83333333333333,287500000000,0,1,the_platform.cluster0.node0.processor0.core1
0,job6935.2,115,20,0,721,721.0,816.8333333333334,95.83333333333333,287500000000,0,1,the_platform.cluster0.node0.processor0.core2
0,job6935.3,115,20,0,721,721.0,816.8333333333334,95.83333333333333,287500000000,0,1,the_platform.cluster0.node0.processor0.core3
0,job6935.4,115,20,0,721,721.0,816.8333333333334,95.83333333333333,287500000000,0,1,the_platform.cluster0.node0.processor0.core4
0,job6935.5,115,20,0,721,721.0,816.8333333333334,95.83333333333333,287500000000,0,1,the_platform.cluster0.node0.processor0.core5
0,job6935.6,115,20,0,721,721.0,816.8333333333334,95.83333333333333,287500000000,0,1,the_platform.cluster0.node0.processor0.core6
0,job6935.7,115,20,0,721,721.0,816.8333333333334,95.83333333333333,287500000000,0,1,the_platform.cluster0.node0.processor0.core7
0,job6935.8,115,20,0,721,721.0,816.8333333333334,95.83333333333333,287500000000,0,1,the_platform.cluster0.node0.processor0.core8
0,job6935.9,115,20,0,721,721.0,816.8333333333334,95.83333333333333,287500000000,0,1,the_platform.cluster0.node0.processor0.core9
0,job6935.10,115,20,0,721,721.0,816.8333333333334,95.83333333333333,287500000000,0,1,the_platform.cluster0.node0.processor0.core10
0,job6935.11,115,20,0,721,721.0,816.8333333333334,95.83333333333333,287500000000,0,1,the_platform.cluster0.node0.processor0.core11
0,job6935.12,115,20,0,721,721.0,816.8333333333334,95.83333333333333,287500000000,0,1,the_platform.cluster0.node0.processor0.core12
0,job6935.13,115,20,0,721,721.0,816.8333333333334,95.83333333333333,287500000000,0,1,the_platform.cluster0.node0.processor0.core13
0,job6935.14,115,20,0,721,721.0,816.8333333333334,95.83333333333333,287500000000,0,1,the_platform.cluster0.node0.processor0.core14
0,job6935.15,115,20,0,721,721.0,816.8333333333334,95.83333333333333,287500000000,0,1,the_platform.cluster0.node0.processor0.core15
0,job6935.16,115,20,0,721,721.0,816.8333333333334,95.83333333333333,287500000000,0,1,the_platform.cluster0.node0.processor0.core16
0,job6935.17,115,20,0,721,721.0,816.8333333333334,95.83333333333333,287500000000,0,1,the_platform.cluster0.node0.processor0.core17
0,job6935.18,115,20,0,721,721.0,816.8333333333334,95.83333333333333,287500000000,0,1,the_platform.cluster0.node0.processor0.core18
0,job6935.19,115,20,0,721,721.0,816.8333333333334,95.83333333333333,287500000000,0,1,the_platform.cluster0.node0.processor0.core19
0,job6936.0,260,25,0,1262,1262.0,1478.6666666666667,216.66666666666666,650000000000,0,2,the_platform.cluster0.node0.processor0.core0
0,job6936.1,260,25,0,1262,1262.0,1478.6666666666667,216.66666666666666,650000000000,0,2,the_platform.cluster0.node0.processor0.core1
0,job6936.2,260,25,0,1262,1262.0,1478.6666666666667,216.66666666666666,650000000000,0,2,the_platform.cluster0.node0.processor0.core2
0,job6936.3,260,25,0,1262,1262.0,1478.6666666666667,216.66666666666666,650000000000,0,2,the_platform.cluster0.node0.processor0.core3
0,job6936.4,260,25,0,1262,1262.0,1478.6666666666667,216.66666666666666,650000000000,0,2,the_platform.cluster0.node0.processor0.core4
0,job6936.5,260,25,0,1262,1262.0,1478.6666666666667,216.66666666666666,650000000000,0,2,the_platform.cluster0.node0.processor0.core5
0,job6936.6,260,25,0,1262,1262.0,1478.6666666666667,216.66666666666666,650000000000,0,2,the_platform.cluster0.node0.processor0.core6
0,job6936.7,260,25,0,1262,1262.0,1478.6666666666667,216.66666666666666,650000000000,0,2,the_platform.cluster0.node0.processor0.core7
0,job6936.8,260,25,0,1262,1262.0,1478.6666666666667,216.66666666666666,650000000000,0,2,the_platform.cluster0.node0.processor0.core8
0,job6936.9,260,25,0,1262,1262.0,1478.6666666666667,216.66666666666666,650000000000,0,2,the_platform.cluster0.node0.processor0.core9
0,job6936.10,260,25,0,1262,1262.0,1478.6666666666667,216.66666666666666,650000000000,0,2,the_platform.cluster0.node0.processor0.core10
0,job6936.11,260,25,0,1262,1262.0,1478.6666666666667,216.66666666666666,650000000000,0,2,the_platform.cluster0.node0.processor0.core11
0,job6936.12,260,25,0,1262,1262.0,1478.6666666666667,216.66666666666666,650000000000,0,2,the_platform.cluster0.node0.processor0.core12
0,job6936.13,260,25,0,1262,1262.0,1478.6666666666667,216.66666666666666,650000000000,0,2,the_platform.cluster0.node0.processor0.core13
0,job6936.14,260,25,0,1262,1262.0,1478.6666666666667,216.66666666666666,650000000000,0,2,the_platform.cluster0.node0.processor0.core14
0,job6936.15,260,25,0,1262,1262.0,1478.6666666666667,216.66666666666666,650000000000,0,2,the_platform.cluster0.node0.processor0.core15
0,job6936.16,260,25,0,1262,1262.0,1478.6666666666667,216.66666666666666,650000000000,0,2,the_platform.cluster0.node0.processor0.core16
0,job6936.17,260,25,0,1262,1262.0,1478.6666666666667,216.66666666666666,650000000000,0,2,the_platform.cluster0.node0.processor0.core17
0,job6936.18,260,25,0,1262,1262.0,1478.6666666666667,216.66666666666666,650000000000,0,2,the_platform.cluster0.node0.processor0.core18
0,job6936.19,260,25,0,1262,1262.0,1478.6666666666667,216.66666666666666,650000000000,0,2,the_platform.cluster0.node0.processor0.core19
0,job6936.20,260,25,0,1262,1262.0,1478.6666666666667,216.66666666666666,650000000000,0,2,the_platform.cluster0.node0.processor0.core20
0,job6936.21,260,25,0,1262,1262.0,1478.6666666666667,216.66666666666666,650000000000,0,2,the_platform.cluster0.node0.processor0.core21
0,job6936.22,260,25,0,1262,1262.0,1478.6666666666667,216.66666666666666,650000000000,0,2,the_platform.cluster0.node0.processor0.core22
0,job6936.23,260,25,0,1262,1262.0,1478.6666666666667,216.66666666666666,650000000000,0,2,the_platform.cluster0.node0.processor0.core23
0,job6936.24,260,25,0,1262,1262.0,1478.6666666666667,216.66666666666666,650000000000,0,2,the_platform.cluster0.node0.processor0.core24
0,job6937.0,268,20,0,1571,1571.0,1794.3333333333333,223.33333333333331,670000000000,0,3,the_platform.cluster0.node0.processor0.core0
0,job6937.1,268,20,0,1571,1571.0,1794.3333333333333,223.33333333333331,670000000000,0,3,the_platform.cluster0.node0.processor0.core1
0,job6937.2,268,20,0,1571,1571.0,1794.3333333333333,223.33333333333331,670000000000,0,3,the_platform.cluster0.node0.processor0.core2
0,job6937.3,268,20,0,1571,1571.0,1794.3333333333333,223.33333333333331,670000000000,0,3,the_platform.cluster0.node0.processor0.core3
0,job6937.4,268,20,0,1571,1571.0,1794.3333333333333,223.33333333333331,670000000000,0,3,the_platform.cluster0.node0.processor0.core4
0,job6937.5,268,20,0,1571,1571.0,1794.3333333333333,223.33333333333331,670000000000,0,3,the_platform.cluster0.node0.processor0.core5
0,job6937.6,268,20,0,1571,1571.0,1794.3333333333333,223.33333333333331,670000000000,0,3,the_platform.cluster0.node0.processor0.core6
0,job6937.7,268,20,0,1571,1571.0,1794.3333333333333,223.33333333333331,670000000000,0,3,the_platform.cluster0.node0.processor0.core7
0,job6937.8,268,20,0,1571,1571.0,1794.3333333333333,223.33333333333331,670000000000,0,3,the_platform.cluster0.node0.processor0.core8
0,job6937.9,268,20,0,1571,1571.0,1794.3333333333333,223.33333333333331,670000000000,0,3,the_platform.cluster0.node0.processor0.core9
0,job6937.10,268,20,0,1571,1571.0,1794.3333333333333,223.33333333333331,670000000000,0,3,the_platform.cluster0.node0.processor0.core10
0,job6937.11,268,20,0,1571,1571.0,1794.3333333333333,223.33333333333331,670000000000,0,3,the_platform.cluster0.node0.processor0.core11
0,job6937.12,268,20,0,1571,1571.0,1794.3333333333333,223.33333333333331,670000000000,0,3,the_platform.cluster0.node0.processor0.core12
0,job6937.13,268,20,0,1571,1571.0,1794.3333333333333,223.33333333333331,670000000000,0,3,the_platform.cluster0.node0.processor0.core13
0,job6937.14,268,20,0,1571,1571.0,1794.3333333333333,223.33333333333331,670000000000,0,3,the_platform.cluster0.node0.processor0.core14
0,job6937.15,268,20,0,1571,1571.0,1794.3333333333333,223.33333333333331,670000000000,0,3,the_platform.cluster0.node0.processor0.core15
0,job6937.16,268,20,0,1571,1571.0,1794.3333333333333,223.33333333333331,670000000000,0,3,the_platform.cluster0.node0.processor0.core16
0,job6937.17,268,20,0,1571,1571.0,1794.3333333333333,223.33333333333331,670000000000,0,3,the_platform.cluster0.node0.processor0.core17
0,job6937.18,268,20,0,1571,1571.0,1794.3333333333333,223.33333333333331,670000000000,0,3,the_platform.cluster0.node0.processor0.core18
0,job6937.19,268,20,0,1571,1571.0,1794.3333333333333,223.33333333333331,670000000000,0,3,the_platform.cluster0.node0.processor0.core19
0,job6939.0,287,3,0,2102,2102.0,2341.1666666666665,239.16666666666666,717500000000,0,5,the_platform.cluster0.node0.processor0.core0
0,job6939.1,287,3,0,2102,2102.0,2341.1666666666665,239.16666666666666,717500000000,0,5,the_platform.cluster0.node0.processor0.core1
0,job6939.2,287,3,0,2102,2102.0,2341.1666666666665,239.16666666666666,717500000000,0,5,the_platform.cluster0.node0.processor0.core2
0,job6938.0,1230,25,0,1680,1680.0,2705.0,1025.0000000000002,3075000000000,0,4,the_platform.cluster0.node0.processor0.core20
0,job6938.1,1230,25,0,1680,1680.0,2705.0,1025.0000000000002,3075000000000,0,4,the_platform.cluster0.node0.processor0.core21
0,job6938.2,1230,25,0,1680,1680.0,2705.0,1025.0000000000002,3075000000000,0,4,the_platform.cluster0.node0.processor0.core22
0,job6938.3,1230,25,0,1680,1680.0,2705.0,1025.0000000000002,3075000000000,0,4,the_platform.cluster0.node0.processor0.core23
0,job6938.4,1230,25,0,1680,1680.0,2705.0,1025.0000000000002,3075000000000,0,4,the_platform.cluster0.node0.processor0.core24
0,job6938.5,1230,25,0,1680,1680.0,2705.0,1025.0000000000002,3075000000000,0,4,the_platform.cluster0.node0.processor0.core25
0,job6938.6,1230,25,0,1680,1680.0,2705.0,1025.0000000000002,3075000000000,0,4,the_platform.cluster0.node0.processor0.core26
0,job6938.7,1230,25,0,1680,1680.0,2705.0,1025.0000000000002,3075000000000,0,4,the_platform.cluster0.node0.processor0.core27
0,job6938.8,1230,25,0,1680,1680.0,2705.0,1025.0000000000002,3075000000000,0,4,the_platform.cluster0.node0.processor0.core28
0,job6938.9,1230,25,0,1680,1680.0,2705.0,1025.0000000000002,3075000000000,0,4,the_platform.cluster0.node0.processor0.core29
0,job6938.10,1230,25,0,1680,1680.0,2705.0,1025.0000000000002,3075000000000,0,4,the_platform.cluster0.node0.processor0.core30
0,job6938.11,1230,25,0,1680,1680.0,2705.0,1025.0000000000002,3075000000000,0,4,the_platform.cluster0.node0.processor0.core31
0,job6938.12,1230,25,0,1680,1680.0,2705.0,1025.0000000000002,3075000000000,0,4,the_platform.cluster0.node0.processor0.core32
0,job6938.13,1230,25,0,1680,1680.0,2705.0,1025.0000000000002,3075000000000,0,4,the_platform.cluster0.node0.processor0.core33
0,job6938.14,1230,25,0,1680,1680.0,2705.0,1025.0000000000002,3075000000000,0,4,the_platform.cluster0.node0.processor0.core34
0,job6938.15,1230,25,0,1680,1680.0,2705.0,1025.0000000000002,3075000000000,0,4,the_platform.cluster0.node0.processor0.core35
0,job6938.16,1230,25,0,1680,1680.0,2705.0,1025.0000000000002,3075000000000,0,4,the_platform.cluster0.node0.processor0.core36
0,job6938.17,1230,25,0,1680,1680.0,2705.0,1025.0000000000002,3075000000000,0,4,the_platform.cluster0.node0.processor0.core37
0,job6938.18,1230,25,0,1680,1680.0,2705.0,1025.0000000000002,3075000000000,0,4,the_platform.cluster0.node0.processor0.core38
0,job6938.19,1230,25,0,1680,1680.0,2705.0,1025.0000000000002,3075000000000,0,4,the_platform.cluster0.node0.processor0.core39
0,job6938.20,1230,25,0,1680,1680.0,2705.0,1025.0000000000002,3075000000000,0,4,the_platform.cluster0.node0.processor0.core40
0,job6938.21,1230,25,0,1680,1680.0,2705.0,1025.0000000000002,3075000000000,0,4,the_platform.cluster0.node0.processor0.core41
0,job6938.22,1230,25,0,1680,1680.0,2705.0,1025.0000000000002,3075000000000,0,4,the_platform.cluster0.node0.processor0.core42
0,job6938.23,1230,25,0,1680,1680.0,2705.0,1025.0000000000002,3075000000000,0,4,the_platform.cluster0.node0.processor0.core43
0,job6938.24,1230,25,0,1680,1680.0,2705.0,1025.0000000000002,3075000000000,0,4,the_platform.cluster0.node0.processor0.core44
0,job6941.0,104,3,0,2874,2874.0,2960.6666666666665,86.66666666666667,260000000000,0,7,the_platform.cluster0.node0.processor0.core3
0,job6941.1,104,3,0,2874,2874.0,2960.6666666666665,86.66666666666667,260000000000,0,7,the_platform.cluster0.node0.processor0.core4
0,job6941.2,104,3,0,2874,2874.0,2960.6666666666665,86.66666666666667,260000000000,0,7,the_platform.cluster0.node0.processor0.core5
0,job6943.0,69,1,0,3395,3395.0,3452.5,57.5,172500000000,0,9,the_platform.cluster0.node0.processor0.core6
0,job6942.0,557,3,0,3223,3223.0,3687.1666666666665,464.16666666666663,1392500000000,0,8,the_platform.cluster0.node0.processor0.core3
0,job6942.1,557,3,0,3223,3223.0,3687.1666666666665,464.16666666666663,1392500000000,0,8,the_platform.cluster0.node0.processor0.core4
0,job6942.2,557,3,0,3223,3223.0,3687.1666666666665,464.16666666666663,1392500000000,0,8,the_platform.cluster0.node0.processor0.core5
0,job6940.0,3600,3,0,2353,2353.0,5353.0,3000.0,9000000000000,0,6,the_platform.cluster0.node0.processor0.core0
0,job6940.1,3600,3,0,2353,2353.0,5353.0,3000.0,9000000000000,0,6,the_platform.cluster0.node0.processor0.core1
0,job6940.2,3600,3,0,2353,2353.0,5353.0,3000.0,9000000000000,0,6,the_platform.cluster0.node0.processor0.core2
0,job6946.0,77,1,0,7698,7698.0,7762.166666666667,64.16666666666667,192500000000,0,12,the_platform.cluster0.node0.processor0.core23
0,job6947.0,222,25,0,7752,7752.0,7937.0,185.0,555000000000,0,13,the_platform.cluster0.node0.processor0.core24
0,job6947.1,222,25,0,7752,7752.0,7937.0,185.0,555000000000,0,13,the_platform.cluster0.node0.processor0.core25
0,job6947.2,222,25,0,7752,7752.0,7937.0,185.0,555000000000,0,13,the_platform.cluster0.node0.processor0.core26
0,job6947.3,222,25,0,7752,7752.0,7937.0,185.0,555000000000,0,13,the_platform.cluster0.node0.processor0.core27
0,job6947.4,222,25,0,7752,7752.0,7937.0,185.0,555000000000,0,13,the_platform.cluster0.node0.processor0.core28
0,job6947.5,222,25,0,7752,7752.0,7937.0,185.0,555000000000,0,13,the_platform.cluster0.node0.processor0.core29
0,job6947.6,222,25,0,7752,7752.0,7937.0,185.0,555000000000,0,13,the_platform.cluster0.node0.processor0.core30
0,job6947.7,222,25,0,7752,7752.0,7937.0,185.0,555000000000,0,13,the_platform.cluster0.node0.processor0.core31
0,job6947.8,222,25,0,7752,7752.0,7937.0,185.0,555000000000,0,13,the_platform.cluster0.node0.processor0.core32
0,job6947.9,222,25,0,7752,7752.0,7937.0,185.0,555000000000,0,13,the_platform.cluster0.node0.processor0.core33
0,job6947.10,222,25,0,7752,7752.0,7937.0,185.0,555000000000,0,13,the_platform.cluster0.node0.processor0.core34
0,job6947.11,222,25,0,7752,7752.0,7937.0,185.0,555000000000,0,13,the_platform.cluster0.node0.processor0.core35
0,job6947.12,222,25,0,7752,7752.0,7937.0,185.0,555000000000,0,13,the_platform.cluster0.node0.processor0.core36
0,job6947.13,222,25,0,7752,7752.0,7937.0,185.0,555000000000,0,13,the_platform.cluster0.node0.processor0.core37
0,job6947.14,222,25,0,7752,7752.0,7937.0,185.0,555000000000,0,13,the_platform.cluster0.node0.processor0.core38
0,job6947.15,222,25,0,7752,7752.0,7937.0,185.0,555000000000,0,13,the_platform.cluster0.node0.processor0.core39
0,job6947.16,222,25,0,7752,7752.0,7937.0,185.0,555000000000,0,13,the_platform.cluster0.node0.processor0.core40
0,job6947.17,222,25,0,7752,7752.0,7937.0,185.0,555000000000,0,13,the_platform.cluster0.node0.processor0.core41
0,job6947.18,222,25,0,7752,7752.0,7937.0,185.0,555000000000,0,13,the_platform.cluster0.node0.processor0.core42
0,job6947.19,222,25,0,7752,7752.0,7937.0,185.0,555000000000,0,13,the_platform.cluster0.node0.processor0.core43
0,job6947.20,222,25,0,7752,7752.0,7937.0,185.0,555000000000,0,13,the_platform.cluster0.node0.processor0.core44
0,job6947.21,222,25,0,7752,7752.0,7937.0,185.0,555000000000,0,13,the_platform.cluster0.node0.processor0.core45
0,job6947.22,222,25,0,7752,7752.0,7937.0,185.0,555000000000,0,13,the_platform.cluster0.node0.processor0.core46
0,job6947.23,222,25,0,7752,7752.0,7937.0,185.0,555000000000,0,13,the_platform.cluster0.node0.processor0.core47
0,job6947.24,222,25,0,7752,7752.0,7937.0,185.0,555000000000,0,13,the_platform.cluster0.node0.processor0.core48
0,job6948.0,177,1,0,7947,7947.0,8094.5,147.5,442500000000,0,14,the_platform.cluster0.node0.processor0.core23
0,job6945.0,3379,3,0,7555,7555.0,10370.833333333334,2815.8333333333335,8447500000000,0,11,the_platform.cluster0.node0.processor0.core0
0,job6945.1,3379,3,0,7555,7555.0,10370.833333333334,2815.8333333333335,8447500000000,0,11,the_platform.cluster0.node0.processor0.core1
0,job6945.2,3379,3,0,7555,7555.0,10370.833333333334,2815.8333333333335,8447500000000,0,11,the_platform.cluster0.node0.processor0.core2
0,job6951.0,531,38,0,11099,11099.0,11541.5,442.5,1327500000000,0,17,the_platform.cluster0.node1.processor0.core0
0,job6951.1,531,38,0,11099,11099.0,11541.5,442.5,1327500000000,0,17,the_platform.cluster0.node1.processor0.core1
0,job6951.2,531,38,0,11099,11099.0,11541.5,442.5,1327500000000,0,17,the_platform.cluster0.node1.processor0.core2
0,job6951.3,531,38,0,11099,11099.0,11541.5,442.5,1327500000000,0,17,the_platform.cluster0.node1.processor0.core3
0,job6951.4,531,38,0,11099,11099.0,11541.5,442.5,1327500000000,0,17,the_platform.cluster0.node1.processor0.core4
0,job6951.5,531,38,0,11099,11099.0,11541.5,442.5,1327500000000,0,17,the_platform.cluster0.node1.processor0.core5
0,job6951.6,531,38,0,11099,11099.0,11541.5,442.5,1327500000000,0,17,the_platform.cluster0.node1.processor0.core6
0,job6951.7,531,38,0,11099,11099.0,11541.5,442.5,1327500000000,0,17,the_platform.cluster0.node1.processor0.core7
0,job6951.8,531,38,0,11099,11099.0,11541.5,442.5,1327500000000,0,17,the_platform.cluster0.node1.processor0.core8
0,job6951.9,531,38,0,11099,11099.0,11541.5,442.5,1327500000000,0,17,the_platform.cluster0.node1.processor0.core9
0,job6951.10,531,38,0,11099,11099.0,11541.5,442.5,1327500000000,0,17,the_platform.cluster0.node1.processor0.core10
0,job6951.11,531,38,0,11099,11099.0,11541.5,442.5,1327500000000,0,17,the_platform.cluster0.node1.processor0.core11
0,job6951.12,531,38,0,11099,11099.0,11541.5,442.5,1327500000000,0,17,the_platform.cluster0.node1.processor0.core12
0,job6951.13,531,38,0,11099,11099.0,11541.5,442.5,1327500000000,0,17,the_platform.cluster0.node1.processor0.core13
0,job6951.14,531,38,0,11099,11099.0,11541.5,442.5,1327500000000,0,17,the_platform.cluster0.node1.processor0.core14
0,job6951.15,531,38,0,11099,11099.0,11541.5,442.5,1327500000000,0,17,the_platform.cluster0.node1.processor0.core15
0,job6951.16,531,38,0,11099,11099.0,11541.5,442.5,1327500000000,0,17,the_platform.cluster0.node1.processor0.core16
0,job6951.17,531,38,0,11099,11099.0,11541.5,442.5,1327500000000,0,17,the_platform.cluster0.node1.processor0.core17
0,job6951.18,531,38,0,11099,11099.0,11541.5,442.5,1327500000000,0,17,the_platform.cluster0.node1.processor0.core18
0,job6951.19,531,38,0,11099,11099.0,11541.5,442.5,1327500000000,0,17,the_platform.cluster0.node1.processor0.core19
0,job6951.20,531,38,0,11099,11099.0,11541.5,442.5,1327500000000,0,17,the_platform.cluster0.node1.processor0.core20
0,job6951.21,531,38,0,11099,11099.0,11541.5,442.5,1327500000000,0,17,the_platform.cluster0.node1.processor0.core21
0,job6951.22,531,38,0,11099,11099.0,11541.5,442.5,1327500000000,0,17,the_platform.cluster0.node1.processor0.core22
0,job6951.23,531,38,0,11099,11099.0,11541.5,442.5,1327500000000,0,17,the_platform.cluster0.node1.processor0.core23
0,job6951.24,531,38,0,11099,11099.0,11541.5,442.5,1327500000000,0,17,the_platform.cluster0.node1.processor0.core24
0,job6951.25,531,38,0,11099,11099.0,11541.5,442.5,1327500000000,0,17,the_platform.cluster0.node1.processor0.core25
0,job6951.26,531,38,0,11099,11099.0,11541.5,442.5,1327500000000,0,17,the_platform.cluster0.node1.processor0.core26
0,job6951.27,531,38,0,11099,11099.0,11541.5,442.5,1327500000000,0,17,the_platform.cluster0.node1.processor0.core27
0,job6951.28,531,38,0,11099,11099.0,11541.5,442.5,1327500000000,0,17,the_platform.cluster0.node1.processor0.core28
0,job6951.29,531,38,0,11099,11099.0,11541.5,442.5,1327500000000,0,17,the_platform.cluster0.node1.processor0.core29
0,job6951.30,531,38,0,11099,11099.0,11541.5,442.5,1327500000000,0,17,the_platform.cluster0.node1.processor0.core30
0,job6951.31,531,38,0,11099,11099.0,11541.5,442.5,1327500000000,0,17,the_platform.cluster0.node1.processor0.core31
0,job6951.32,531,38,0,11099,11099.0,11541.5,442.5,1327500000000,0,17,the_platform.cluster0.node1.processor0.core32
0,job6951.33,531,38,0,11099,11099.0,11541.5,442.5,1327500000000,0,17,the_platform.cluster0.node1.processor0.core33
0,job6951.34,531,38,0,11099,11099.0,11541.5,442.5,1327500000000,0,17,the_platform.cluster0.node1.processor0.core34
0,job6951.35,531,38,0,11099,11099.0,11541.5,442.5,1327500000000,0,17,the_platform.cluster0.node1.processor0.core35
0,job6951.36,531,38,0,11099,11099.0,11541.5,442.5,1327500000000,0,17,the_platform.cluster0.node1.processor0.core36
0,job6951.37,531,38,0,11099,11099.0,11541.5,442.5,1327500000000,0,17,the_platform.cluster0.node1.processor0.core37
0,job6952.0,65,38,0,11622,11622.0,11676.166666666666,54.166666666666664,162500000000,0,18,the_platform.cluster0.node1.processor0.core0
0,job6952.1,65,38,0,11622,11622.0,11676.166666666666,54.166666666666664,162500000000,0,18,the_platform.cluster0.node1.processor0.core1
0,job6952.2,65,38,0,11622,11622.0,11676.166666666666,54.166666666666664,162500000000,0,18,the_platform.cluster0.node1.processor0.core2
0,job6952.3,65,38,0,11622,11622.0,11676.166666666666,54.166666666666664,162500000000,0,18,the_platform.cluster0.node1.processor0.core3
0,job6952.4,65,38,0,11622,11622.0,11676.166666666666,54.166666666666664,162500000000,0,18,the_platform.cluster0.node1.processor0.core4
0,job6952.5,65,38,0,11622,11622.0,11676.166666666666,54.166666666666664,162500000000,0,18,the_platform.cluster0.node1.processor0.core5
0,job6952.6,65,38,0,11622,11622.0,11676.166666666666,54.166666666666664,162500000000,0,18,the_platform.cluster0.node1.processor0.core6
0,job6952.7,65,38,0,11622,11622.0,11676.166666666666,54.166666666666664,162500000000,0,18,the_platform.cluster0.node1.processor0.core7
0,job6952.8,65,38,0,11622,11622.0,11676.166666666666,54.166666666666664,162500000000,0,18,the_platform.cluster0.node1.processor0.core8
0,job6952.9,65,38,0,11622,11622.0,11676.166666666666,54.166666666666664,162500000000,0,18,the_platform.cluster0.node1.processor0.core9
0,job6952.10,65,38,0,11622,11622.0,11676.166666666666,54.166666666666664,162500000000,0,18,the_platform.cluster0.node1.processor0.core10
0,job6952.11,65,38,0,11622,11622.0,11676.166666666666,54.166666666666664,162500000000,0,18,the_platform.cluster0.node1.processor0.core11
0,job6952.12,65,38,0,11622,11622.0,11676.166666666666,54.166666666666664,162500000000,0,18,the_platform.cluster0.node1.processor0.core12
0,job6952.13,65,38,0,11622,11622.0,11676.166666666666,54.166666666666664,162500000000,0,18,the_platform.cluster0.node1.processor0.core13
0,job6952.14,65,38,0,11622,11622.0,11676.166666666666,54.166666666666664,162500000000,0,18,the_platform.cluster0.node1.processor0.core14
0,job6952.15,65,38,0,11622,11622.0,11676.166666666666,54.166666666666664,162500000000,0,18,the_platform.cluster0.node1.processor0.core15
0,job6952.16,65,38,0,11622,11622.0,11676.166666666666,54.166666666666664,162500000000,0,18,the_platform.cluster0.node1.processor0.core16
0,job6952.17,65,38,0,11622,11622.0,11676.166666666666,54.166666666666664,162500000000,0,18,the_platform.cluster0.node1.processor0.core17
0,job6952.18,65,38,0,11622,11622.0,11676.166666666666,54.166666666666664,162500000000,0,18,the_platform.cluster0.node1.processor0.core18
0,job6952.19,65,38,0,11622,11622.0,11676.166666666666,54.166666666666664,162500000000,0,18,the_platform.cluster0.node1.processor0.core19
0,job6952.20,65,38,0,11622,11622.0,11676.166666666666,54.166666666666664,162500000000,0,18,the_platform.cluster0.node1.processor0.core20
0,job6952.21,65,38,0,11622,11622.0,11676.166666666666,54.166666666666664,162500000000,0,18,the_platform.cluster0.node1.processor0.core21
0,job6952.22,65,38,0,11622,11622.0,11676.166666666666,54.166666666666664,162500000000,0,18,the_platform.cluster0.node1.processor0.core22
0,job6952.23,65,38,0,11622,11622.0,11676.166666666666,54.166666666666664,162500000000,0,18,the_platform.cluster0.node1.processor0.core23
0,job6952.24,65,38,0,11622,11622.0,11676.166666666666,54.166666666666664,162500000000,0,18,the_platform.cluster0.node1.processor0.core24
0,job6952.25,65,38,0,11622,11622.0,11676.166666666666,54.166666666666664,162500000000,0,18,the_platform.cluster0.node1.processor0.core25
0,job6952.26,65,38,0,11622,11622.0,11676.166666666666,54.166666666666664,162500000000,0,18,the_platform.cluster0.node1.processor0.core26
0,job6952.27,65,38,0,11622,11622.0,11676.166666666666,54.166666666666664,162500000000,0,18,the_platform.cluster0.node1.processor0.core27
0,job6952.28,65,38,0,11622,11622.0,11676.166666666666,54.166666666666664,162500000000,0,18,the_platform.cluster0.node1.processor0.core28
0,job6952.29,65,38,0,11622,11622.0,11676.166666666666,54.166666666666664,162500000000,0,18,the_platform.cluster0.node1.processor0.core29
0,job6952.30,65,38,0,11622,11622.0,11676.166666666666,54.166666666666664,162500000000,0,18,the_platform.cluster0.node1.processor0.core30
0,job6952.31,65,38,0,11622,11622.0,11676.166666666666,54.166666666666664,162500000000,0,18,the_platform.cluster0.node1.processor0.core31
0,job6952.32,65,38,0,11622,11622.0,11676.166666666666,54.166666666666664,162500000000,0,18,the_platform.cluster0.node1.processor0.core32
0,job6952.33,65,38,0,11622,11622.0,11676.166666666666,54.166666666666664,162500000000,0,18,the_platform.cluster0.node1.processor0.core33
0,job6952.34,65,38,0,11622,11622.0,11676.166666666666,54.166666666666664,162500000000,0,18,the_platform.cluster0.node1.processor0.core34
0,job6952.35,65,38,0,11622,11622.0,11676.166666666666,54.166666666666664,162500000000,0,18,the_platform.cluster0.node1.processor0.core35
0,job6952.36,65,38,0,11622,11622.0,11676.166666666666,54.166666666666664,162500000000,0,18,the_platform.cluster0.node1.processor0.core36
0,job6952.37,65,38,0,11622,11622.0,11676.166666666666,54.166666666666664,162500000000,0,18,the_platform.cluster0.node1.processor0.core37
0,job6950.0,3600,3,0,10901,10901.0,13901.0,3000.0000000000005,9000000000000,0,16,the_platform.cluster0.node0.processor0.core0
0,job6950.1,3600,3,0,10901,10901.0,13901.0,3000.0000000000005,9000000000000,0,16,the_platform.cluster0.node0.processor0.core1
0,job6950.2,3600,3,0,10901,10901.0,13901.0,3000.0000000000005,9000000000000,0,16,the_platform.cluster0.node0.processor0.core2
0,job6953.0,3328,38,0,11751,11751.0,14524.333333333334,2773.3333333333335,8320000000000,0,19,the_platform.cluster0.node1.processor0.core0
0,job6953.1,3328,38,0,11751,11751.0,14524.333333333334,2773.3333333333335,8320000000000,0,19,the_platform.cluster0.node1.processor0.core1
0,job6953.2,3328,38,0,11751,11751.0,14524.333333333334,2773.3333333333335,8320000000000,0,19,the_platform.cluster0.node1.processor0.core2
0,job6953.3,3328,38,0,11751,11751.0,14524.333333333334,2773.3333333333335,8320000000000,0,19,the_platform.cluster0.node1.processor0.core3
0,job6953.4,3328,38,0,11751,11751.0,14524.333333333334,2773.3333333333335,8320000000000,0,19,the_platform.cluster0.node1.processor0.core4
0,job6953.5,3328,38,0,11751,11751.0,14524.333333333334,2773.3333333333335,8320000000000,0,19,the_platform.cluster0.node1.processor0.core5
0,job6953.6,3328,38,0,11751,11751.0,14524.333333333334,2773.3333333333335,8320000000000,0,19,the_platform.cluster0.node1.processor0.core6
0,job6953.7,3328,38,0,11751,11751.0,14524.333333333334,2773.3333333333335,8320000000000,0,19,the_platform.cluster0.node1.processor0.core7
0,job6953.8,3328,38,0,11751,11751.0,14524.333333333334,2773.3333333333335,8320000000000,0,19,the_platform.cluster0.node1.processor0.core8
0,job6953.9,3328,38,0,11751,11751.0,14524.333333333334,2773.3333333333335,8320000000000,0,19,the_platform.cluster0.node1.processor0.core9
0,job6953.10,3328,38,0,11751,11751.0,14524.333333333334,2773.3333333333335,8320000000000,0,19,the_platform.cluster0.node1.processor0.core10
0,job6953.11,3328,38,0,11751,11751.0,14524.333333333334,2773.3333333333335,8320000000000,0,19,the_platform.cluster0.node1.processor0.core11
0,job6953.12,3328,38,0,11751,11751.0,14524.333333333334,2773.3333333333335,8320000000000,0,19,the_platform.cluster0.node1.processor0.core12
0,job6953.13,3328,38,0,11751,11751.0,14524.333333333334,2773.3333333333335,8320000000000,0,19,the_platform.cluster0.node1.processor0.core13
0,job6953.14,3328,38,0,11751,11751.0,14524.333333333334,2773.3333333333335,8320000000000,0,19,the_platform.cluster0.node1.processor0.core14
0,job6953.15,3328,38,0,11751,11751.0,14524.333333333334,2773.3333333333335,8320000000000,0,19,the_platform.cluster0.node1.processor0.core15
0,job6953.16,3328,38,0,11751,11751.0,14524.333333333334,2773.3333333333335,8320000000000,0,19,the_platform.cluster0.node1.processor0.core16
0,job6953.17,3328,38,0,11751,11751.0,14524.333333333334,2773.3333333333335,8320000000000,0,19,the_platform.cluster0.node1.processor0.core17
0,job6953.18,3328,38,0,11751,11751.0,14524.333333333334,2773.3333333333335,8320000000000,0,19,the_platform.cluster0.node1.processor0.core18
0,job6953.19,3328,38,0,11751,11751.0,14524.333333333334,2773.3333333333335,8320000000000,0,19,the_platform.cluster0.node1.processor0.core19
0,job6953.20,3328,38,0,11751,11751.0,14524.333333333334,2773.3333333333335,8320000000000,0,19,the_platform.cluster0.node1.processor0.core20
0,job6953.21,3328,38,0,11751,11751.0,14524.333333333334,2773.3333333333335,8320000000000,0,19,the_platform.cluster0.node1.processor0.core21
0,job6953.22,3328,38,0,11751,11751.0,14524.333333333334,2773.3333333333335,8320000000000,0,19,the_platform.cluster0.node1.processor0.core22
0,job6953.23,3328,38,0,11751,11751.0,14524.333333333334,2773.3333333333335,8320000000000,0,19,the_platform.cluster0.node1.processor0.core23
0,job6953.24,3328,38,0,11751,11751.0,14524.333333333334,2773.3333333333335,8320000000000,0,19,the_platform.cluster0.node1.processor0.core24
0,job6953.25,3328,38,0,11751,11751.0,14524.333333333334,2773.3333333333335,8320000000000,0,19,the_platform.cluster0.node1.processor0.core25
0,job6953.26,3328,38,0,11751,11751.0,14524.333333333334,2773.3333333333335,8320000000000,0,19,the_platform.cluster0.node1.processor0.core26
0,job6953.27,3328,38,0,11751,11751.0,14524.333333333334,2773.3333333333335,8320000000000,0,19,the_platform.cluster0.node1.processor0.core27
0,job6953.28,3328,38,0,11751,11751.0,14524.333333333334,2773.3333333333335,8320000000000,0,19,the_platform.cluster0.node1.processor0.core28
0,job6953.29,3328,38,0,11751,11751.0,14524.333333333334,2773.3333333333335,8320000000000,0,19,the_platform.cluster0.node1.processor0.core29
0,job6953.30,3328,38,0,11751,11751.0,14524.333333333334,2773.3333333333335,8320000000000,0,19,the_platform.cluster0.node1.processor0.core30
0,job6953.31,3328,38,0,11751,11751.0,14524.333333333334,2773.3333333333335,8320000000000,0,19,the_platform.cluster0.node1.processor0.core31
0,job6953.32,3328,38,0,11751,11751.0,14524.333333333334,2773.3333333333335,8320000000000,0,19,the_platform.cluster0.node1.processor0.core32
0,job6953.33,3328,38,0,11751,11751.0,14524.333333333334,2773.3333333333335,8320000000000,0,19,the_platform.cluster0.node1.processor0.core33
0,job6953.34,3328,38,0,11751,11751.0,14524.333333333334,2773.3333333333335,8320000000000,0,19,the_platform.cluster0.node1.processor0.core34
0,job6953.35,3328,38,0,11751,11751.0,14524.333333333334,2773.3333333333335,8320000000000,0,19,the_platform.cluster0.node1.processor0.core35
0,job6953.36,3328,38,0,11751,11751.0,14524.333333333334,2773.3333333333335,8320000000000,0,19,the_platform.cluster0.node1.processor0.core36
0,job6953.37,3328,38,0,11751,11751.0,14524.333333333334,2773.3333333333335,8320000000000,0,19,the_platform.cluster0.node1.processor0.core37
0,job6944.0,22564,20,0,3745,3745.0,22548.333333333998,18803.333333333998,56410000000000,0,10,the_platform.cluster0.node0.processor0.core3
0,job6944.1,22564,20,0,3745,3745.0,22548.333333333998,18803.333333333998,56410000000000,0,10,the_platform.cluster0.node0.processor0.core4
0,job6944.2,22564,20,0,3745,3745.0,22548.333333333998,18803.333333333998,56410000000000,0,10,the_platform.cluster0.node0.processor0.core5
0,job6944.3,22564,20,0,3745,3745.0,22548.333333333998,18803.333333333998,56410000000000,0,10,the_platform.cluster0.node0.processor0.core6
0,job6944.4,22564,20,0,3745,3745.0,22548.333333333998,18803.333333333998,56410000000000,0,10,the_platform.cluster0.node0.processor0.core7
0,job6944.5,22564,20,0,3745,3745.0,22548.333333333998,18803.333333333998,56410000000000,0,10,the_platform.cluster0.node0.processor0.core8
0,job6944.6,22564,20,0,3745,3745.0,22548.333333333998,18803.333333333998,56410000000000,0,10,the_platform.cluster0.node0.processor0.core9
0,job6944.7,22564,20,0,3745,3745.0,22548.333333333998,18803.333333333998,56410000000000,0,10,the_platform.cluster0.node0.processor0.core10
0,job6944.8,22564,20,0,3745,3745.0,22548.333333333998,18803.333333333998,56410000000000,0,10,the_platform.cluster0.node0.processor0.core11
0,job6944.9,22564,20,0,3745,3745.0,22548.333333333998,18803.333333333998,56410000000000,0,10,the_platform.cluster0.node0.processor0.core12
0,job6944.10,22564,20,0,3745,3745.0,22548.333333333998,18803.333333333998,56410000000000,0,10,the_platform.cluster0.node0.processor0.core13
0,job6944.11,22564,20,0,3745,3745.0,22548.333333333998,18803.333333333998,56410000000000,0,10,the_platform.cluster0.node0.processor0.core14
0,job6944.12,22564,20,0,3745,3745.0,22548.333333333998,18803.333333333998,56410000000000,0,10,the_platform.cluster0.node0.processor0.core15
0,job6944.13,22564,20,0,3745,3745.0,22548.333333333998,18803.333333333998,56410000000000,0,10,the_platform.cluster0.node0.processor0.core16
0,job6944.14,22564,20,0,3745,3745.0,22548.333333333998,18803.333333333998,56410000000000,0,10,the_platform.cluster0.node0.processor0.core17
0,job6944.15,22564,20,0,3745,3745.0,22548.333333333998,18803.333333333998,56410000000000,0,10,the_platform.cluster0.node0.processor0.core18
0,job6944.16,22564,20,0,3745,3745.0,22548.333333333998,18803.333333333998,56410000000000,0,10,the_platform.cluster0.node0.processor0.core19
0,job6944.17,22564,20,0,3745,3745.0,22548.333333333998,18803.333333333998,56410000000000,0,10,the_platform.cluster0.node0.processor0.core20
0,job6944.18,22564,20,0,3745,3745.0,22548.333333333998,18803.333333333998,56410000000000,0,10,the_platform.cluster0.node0.processor0.core21
0,job6944.19,22564,20,0,3745,3745.0,22548.333333333998,18803.333333333998,56410000000000,0,10,the_platform.cluster0.node0.processor0.core22
0,job6955.0,43528,38,0,15600,15600.0,51873.333333333336,36273.333333333336,108820000000000,0,21,the_platform.cluster0.node2.processor0.core0
0,job6955.1,43528,38,0,15600,15600.0,51873.333333333336,36273.333333333336,108820000000000,0,21,the_platform.cluster0.node2.processor0.core1
0,job6955.2,43528,38,0,15600,15600.0,51873.333333333336,36273.333333333336,108820000000000,0,21,the_platform.cluster0.node2.processor0.core2
0,job6955.3,43528,38,0,15600,15600.0,51873.333333333336,36273.333333333336,108820000000000,0,21,the_platform.cluster0.node2.processor0.core3
0,job6955.4,43528,38,0,15600,15600.0,51873.333333333336,36273.333333333336,108820000000000,0,21,the_platform.cluster0.node2.processor0.core4
0,job6955.5,43528,38,0,15600,15600.0,51873.333333333336,36273.333333333336,108820000000000,0,21,the_platform.cluster0.node2.processor0.core5
0,job6955.6,43528,38,0,15600,15600.0,51873.333333333336,36273.333333333336,108820000000000,0,21,the_platform.cluster0.node2.processor0.core6
0,job6955.7,43528,38,0,15600,15600.0,51873.333333333336,36273.333333333336,108820000000000,0,21,the_platform.cluster0.node2.processor0.core7
0,job6955.8,43528,38,0,15600,15600.0,51873.333333333336,36273.333333333336,108820000000000,0,21,the_platform.cluster0.node2.processor0.core8
0,job6955.9,43528,38,0,15600,15600.0,51873.333333333336,36273.333333333336,108820000000000,0,21,the_platform.cluster0.node2.processor0.core9
0,job6955.10,43528,38,0,15600,15600.0,51873.333333333336,36273.333333333336,108820000000000,0,21,the_platform.cluster0.node2.processor0.core10
0,job6955.11,43528,38,0,15600,15600.0,51873.333333333336,36273.333333333336,108820000000000,0,21,the_platform.cluster0.node2.processor0.core11
0,job6955.12,43528,38,0,15600,15600.0,51873.333333333336,36273.333333333336,108820000000000,0,21,the_platform.cluster0.node2.processor0.core12
0,job6955.13,43528,38,0,15600,15600.0,51873.333333333336,36273.333333333336,108820000000000,0,21,the_platform.cluster0.node2.processor0.core13
0,job6955.14,43528,38,0,15600,15600.0,51873.333333333336,36273.333333333336,108820000000000,0,21,the_platform.cluster0.node2.processor0.core14
0,job6955.15,43528,38,0,15600,15600.0,51873.333333333336,36273.333333333336,108820000000000,0,21,the_platform.cluster0.node2.processor0.core15
0,job6955.16,43528,38,0,15600,15600.0,51873.333333333336,36273.333333333336,108820000000000,0,21,the_platform.cluster0.node2.processor0.core16
0,job6955.17,43528,38,0,15600,15600.0,51873.333333333336,36273.333333333336,108820000000000,0,21,the_platform.cluster0.node2.processor0.core17
0,job6955.18,43528,38,0,15600,15600.0,51873.333333333336,36273.333333333336,108820000000000,0,21,the_platform.cluster0.node2.processor0.core18
0,job6955.19,43528,38,0,15600,15600.0,51873.333333333336,36273.333333333336,108820000000000,0,21,the_platform.cluster0.node2.processor0.core19
0,job6955.20,43528,38,0,15600,15600.0,51873.333333333336,36273.333333333336,108820000000000,0,21,the_platform.cluster0.node2.processor0.core20
0,job6955.21,43528,38,0,15600,15600.0,51873.333333333336,36273.333333333336,108820000000000,0,21,the_platform.cluster0.node2.processor0.core21
0,job6955.22,43528,38,0,15600,15600.0,51873.333333333336,36273.333333333336,108820000000000,0,21,the_platform.cluster0.node2.processor0.core22
0,job6955.23,43528,38,0,15600,15600.0,51873.333333333336,36273.333333333336,108820000000000,0,21,the_platform.cluster0.node2.processor0.core23
0,job6955.24,43528,38,0,15600,15600.0,51873.333333333336,36273.333333333336,108820000000000,0,21,the_platform.cluster0.node2.processor0.core24
0,job6955.25,43528,38,0,15600,15600.0,51873.333333333336,36273.333333333336,108820000000000,0,21,the_platform.cluster0.node2.processor0.core25
0,job6955.26,43528,38,0,15600,15600.0,51873.333333333336,36273.333333333336,108820000000000,0,21,the_platform.cluster0.node2.processor0.core26
0,job6955.27,43528,38,0,15600,15600.0,51873.333333333336,36273.333333333336,108820000000000,0,21,the_platform.cluster0.node2.processor0.core27
0,job6955.28,43528,38,0,15600,15600.0,51873.333333333336,36273.333333333336,108820000000000,0,21,the_platform.cluster0.node2.processor0.core28
0,job6955.29,43528,38,0,15600,15600.0,51873.333333333336,36273.333333333336,108820000000000,0,21,the_platform.cluster0.node2.processor0.core29
0,job6955.30,43528,38,0,15600,15600.0,51873.333333333336,36273.333333333336,108820000000000,0,21,the_platform.cluster0.node2.processor0.core30
0,job6955.31,43528,38,0,15600,15600.0,51873.333333333336,36273.333333333336,108820000000000,0,21,the_platform.cluster0.node2.processor0.core31
0,job6955.32,43528,38,0,15600,15600.0,51873.333333333336,36273.333333333336,108820000000000,0,21,the_platform.cluster0.node2.processor0.core32
0,job6955.33,43528,38,0,15600,15600.0,51873.333333333336,36273.333333333336,108820000000000,0,21,the_platform.cluster0.node2.processor0.core33
0,job6955.34,43528,38,0,15600,15600.0,51873.333333333336,36273.333333333336,108820000000000,0,21,the_platform.cluster0.node2.processor0.core34
0,job6955.35,43528,38,0,15600,15600.0,51873.333333333336,36273.333333333336,108820000000000,0,21,the_platform.cluster0.node2.processor0.core35
0,job6955.36,43528,38,0,15600,15600.0,51873.333333333336,36273.333333333336,108820000000000,0,21,the_platform.cluster0.node2.processor0.core36
0,job6955.37,43528,38,0,15600,15600.0,51873.333333333336,36273.333333333336,108820000000000,0,21,the_platform.cluster0.node2.processor0.core37
0,job6954.0,44573,50,0,15444,15444.0,52588.16666666667,37144.16666666667,111432500000000,0,20,the_platform.cluster0.node1.processor0.core0
0,job6954.1,44573,50,0,15444,15444.0,52588.16666666667,37144.16666666667,111432500000000,0,20,the_platform.cluster0.node1.processor0.core1
0,job6954.2,44573,50,0,15444,15444.0,52588.16666666667,37144.16666666667,111432500000000,0,20,the_platform.cluster0.node1.processor0.core2
0,job6954.3,44573,50,0,15444,15444.0,52588.16666666667,37144.16666666667,111432500000000,0,20,the_platform.cluster0.node1.processor0.core3
0,job6954.4,44573,50,0,15444,15444.0,52588.16666666667,37144.16666666667,111432500000000,0,20,the_platform.cluster0.node1.processor0.core4
0,job6954.5,44573,50,0,15444,15444.0,52588.16666666667,37144.16666666667,111432500000000,0,20,the_platform.cluster0.node1.processor0.core5
0,job6954.6,44573,50,0,15444,15444.0,52588.16666666667,37144.16666666667,111432500000000,0,20,the_platform.cluster0.node1.processor0.core6
0,job6954.7,44573,50,0,15444,15444.0,52588.16666666667,37144.16666666667,111432500000000,0,20,the_platform.cluster0.node1.processor0.core7
0,job6954.8,44573,50,0,15444,15444.0,52588.16666666667,37144.16666666667,111432500000000,0,20,the_platform.cluster0.node1.processor0.core8
0,job6954.9,44573,50,0,15444,15444.0,52588.16666666667,37144.16666666667,111432500000000,0,20,the_platform.cluster0.node1.processor0.core9
0,job6954.10,44573,50,0,15444,15444.0,52588.16666666667,37144.16666666667,111432500000000,0,20,the_platform.cluster0.node1.processor0.core10
0,job6954.11,44573,50,0,15444,15444.0,52588.16666666667,37144.16666666667,111432500000000,0,20,the_platform.cluster0.node1.processor0.core11
0,job6954.12,44573,50,0,15444,15444.0,52588.16666666667,37144.16666666667,111432500000000,0,20,the_platform.cluster0.node1.processor0.core12
0,job6954.13,44573,50,0,15444,15444.0,52588.16666666667,37144.16666666667,111432500000000,0,20,the_platform.cluster0.node1.processor0.core13
0,job6954.14,44573,50,0,15444,15444.0,52588.16666666667,37144.16666666667,111432500000000,0,20,the_platform.cluster0.node1.processor0.core14
0,job6954.15,44573,50,0,15444,15444.0,52588.16666666667,37144.16666666667,111432500000000,0,20,the_platform.cluster0.node1.processor0.core15
0,job6954.16,44573,50,0,15444,15444.0,52588.16666666667,37144.16666666667,111432500000000,0,20,the_platform.cluster0.node1.processor0.core16
0,job6954.17,44573,50,0,15444,15444.0,52588.16666666667,37144.16666666667,111432500000000,0,20,the_platform.cluster0.node1.processor0.core17
0,job6954.18,44573,50,0,15444,15444.0,52588.16666666667,37144.16666666667,111432500000000,0,20,the_platform.cluster0.node1.processor0.core18
0,job6954.19,44573,50,0,15444,15444.0,52588.16666666667,37144.16666666667,111432500000000,0,20,the_platform.cluster0.node1.processor0.core19
0,job6954.20,44573,50,0,15444,15444.0,52588.16666666667,37144.16666666667,111432500000000,0,20,the_platform.cluster0.node1.processor0.core20
0,job6954.21,44573,50,0,15444,15444.0,52588.16666666667,37144.16666666667,111432500000000,0,20,the_platform.cluster0.node1.processor0.core21
0,job6954.22,44573,50,0,15444,15444.0,52588.16666666667,37144.16666666667,111432500000000,0,20,the_platform.cluster0.node1.processor0.core22
0,job6954.23,44573,50,0,15444,15444.0,52588.16666666667,37144.16666666667,111432500000000,0,20,the_platform.cluster0.node1.processor0.core23
0,job6954.24,44573,50,0,15444,15444.0,52588.16666666667,37144.16666666667,111432500000000,0,20,the_platform.cluster0.node1.processor0.core24
0,job6954.25,44573,50,0,15444,15444.0,52588.16666666667,37144.16666666667,111432500000000,0,20,the_platform.cluster0.node1.processor0.core25
0,job6954.26,44573,50,0,15444,15444.0,52588.16666666667,37144.16666666667,111432500000000,0,20,the_platform.cluster0.node1.processor0.core26
0,job6954.27,44573,50,0,15444,15444.0,52588.16666666667,37144.16666666667,111432500000000,0,20,the_platform.cluster0.node1.processor0.core27
0,job6954.28,44573,50,0,15444,15444.0,52588.16666666667,37144.16666666667,111432500000000,0,20,the_platform.cluster0.node1.processor0.core28
0,job6954.29,44573,50,0,15444,15444.0,52588.16666666667,37144.16666666667,111432500000000,0,20,the_platform.cluster0.node1.processor0.core29
0,job6954.30,44573,50,0,15444,15444.0,52588.16666666667,37144.16666666667,111432500000000,0,20,the_platform.cluster0.node1.processor0.core30
0,job6954.31,44573,50,0,15444,15444.0,52588.16666666667,37144.16666666667,111432500000000,0,20,the_platform.cluster0.node1.processor0.core31
0,job6954.32,44573,50,0,15444,15444.0,52588.16666666667,37144.16666666667,111432500000000,0,20,the_platform.cluster0.node1.processor0.core32
0,job6954.33,44573,50,0,15444,15444.0,52588.16666666667,37144.16666666667,111432500000000,0,20,the_platform.cluster0.node1.processor0.core33
0,job6954.34,44573,50,0,15444,15444.0,52588.16666666667,37144.16666666667,111432500000000,0,20,the_platform.cluster0.node1.processor0.core34
0,job6954.35,44573,50,0,15444,15444.0,52588.16666666667,37144.16666666667,111432500000000,0,20,the_platform.cluster0.node1.processor0.core35
0,job6954.36,44573,50,0,15444,15444.0,52588.16666666667,37144.16666666667,111432500000000,0,20,the_platform.cluster0.node1.processor0.core36
0,job6954.37,44573,50,0,15444,15444.0,52588.16666666667,37144.16666666667,111432500000000,0,20,the_platform.cluster0.node1.processor0.core37
0,job6954.38,44573,50,0,15444,15444.0,52588.16666666667,37144.16666666667,111432500000000,0,20,the_platform.cluster0.node1.processor0.core38
0,job6954.39,44573,50,0,15444,15444.0,52588.16666666667,37144.16666666667,111432500000000,0,20,the_platform.cluster0.node1.processor0.core39
0,job6954.40,44573,50,0,15444,15444.0,52588.16666666667,37144.16666666667,111432500000000,0,20,the_platform.cluster0.node1.processor0.core40
0,job6954.41,44573,50,0,15444,15444.0,52588.16666666667,37144.16666666667,111432500000000,0,20,the_platform.cluster0.node1.processor0.core41
0,job6954.42,44573,50,0,15444,15444.0,52588.16666666667,37144.16666666667,111432500000000,0,20,the_platform.cluster0.node1.processor0.core42
0,job6954.43,44573,50,0,15444,15444.0,52588.16666666667,37144.16666666667,111432500000000,0,20,the_platform.cluster0.node1.processor0.core43
0,job6954.44,44573,50,0,15444,15444.0,52588.16666666667,37144.16666666667,111432500000000,0,20,the_platform.cluster0.node1.processor0.core44
0,job6954.45,44573,50,0,15444,15444.0,52588.16666666667,37144.16666666667,111432500000000,0,20,the_platform.cluster0.node1.processor0.core45
0,job6954.46,44573,50,0,15444,15444.0,52588.16666666667,37144.16666666667,111432500000000,0,20,the_platform.cluster0.node1.processor0.core46
0,job6954.47,44573,50,0,15444,15444.0,52588.16666666667,37144.16666666667,111432500000000,0,20,the_platform.cluster0.node1.processor0.core47
0,job6954.48,44573,50,0,15444,15444.0,52588.16666666667,37144.16666666667,111432500000000,0,20,the_platform.cluster0.node1.processor0.core48
0,job6954.49,44573,50,0,15444,15444.0,52588.16666666667,37144.16666666667,111432500000000,0,20,the_platform.cluster0.node1.processor0.core49
0,job6958.0,3600,3,0,51849,51849.0,54849.00000000001,3000.0,9000000000000,0,24,the_platform.cluster0.node0.processor0.core58
0,job6958.1,3600,3,0,51849,51849.0,54849.00000000001,3000.0,9000000000000,0,24,the_platform.cluster0.node0.processor0.core59
0,job6958.2,3600,3,0,51849,51849.0,54849.00000000001,3000.0,9000000000000,0,24,the_platform.cluster0.node0.processor0.core60
0,job6959.0,1751,3,0,57874,57874.0,59333.166666666664,1459.1666666666667,4377500000000,0,25,the_platform.cluster0.node0.processor0.core58
0,job6959.1,1751,3,0,57874,57874.0,59333.166666666664,1459.1666666666667,4377500000000,0,25,the_platform.cluster0.node0.processor0.core59
0,job6959.2,1751,3,0,57874,57874.0,59333.166666666664,1459.1666666666667,4377500000000,0,25,the_platform.cluster0.node0.processor0.core60
0,job6960.0,137,38,0,59604,59604.0,59718.166666666664,114.16666666666667,342500000000,0,26,the_platform.cluster0.node1.processor0.core0
0,job6960.1,137,38,0,59604,59604.0,59718.166666666664,114.16666666666667,342500000000,0,26,the_platform.cluster0.node1.processor0.core1
0,job6960.2,137,38,0,59604,59604.0,59718.166666666664,114.16666666666667,342500000000,0,26,the_platform.cluster0.node1.processor0.core2
0,job6960.3,137,38,0,59604,59604.0,59718.166666666664,114.16666666666667,342500000000,0,26,the_platform.cluster0.node1.processor0.core3
0,job6960.4,137,38,0,59604,59604.0,59718.166666666664,114.16666666666667,342500000000,0,26,the_platform.cluster0.node1.processor0.core4
0,job6960.5,137,38,0,59604,59604.0,59718.166666666664,114.16666666666667,342500000000,0,26,the_platform.cluster0.node1.processor0.core5
0,job6960.6,137,38,0,59604,59604.0,59718.166666666664,114.16666666666667,342500000000,0,26,the_platform.cluster0.node1.processor0.core6
0,job6960.7,137,38,0,59604,59604.0,59718.166666666664,114.16666666666667,342500000000,0,26,the_platform.cluster0.node1.processor0.core7
0,job6960.8,137,38,0,59604,59604.0,59718.166666666664,114.16666666666667,342500000000,0,26,the_platform.cluster0.node1.processor0.core8
0,job6960.9,137,38,0,59604,59604.0,59718.166666666664,114.16666666666667,342500000000,0,26,the_platform.cluster0.node1.processor0.core9
0,job6960.10,137,38,0,59604,59604.0,59718.166666666664,114.16666666666667,342500000000,0,26,the_platform.cluster0.node1.processor0.core10
0,job6960.11,137,38,0,59604,59604.0,59718.166666666664,114.16666666666667,342500000000,0,26,the_platform.cluster0.node1.processor0.core11
0,job6960.12,137,38,0,59604,59604.0,59718.166666666664,114.16666666666667,342500000000,0,26,the_platform.cluster0.node1.processor0.core12
0,job6960.13,137,38,0,59604,59604.0,59718.166666666664,114.16666666666667,342500000000,0,26,the_platform.cluster0.node1.processor0.core13
0,job6960.14,137,38,0,59604,59604.0,59718.166666666664,114.16666666666667,342500000000,0,26,the_platform.cluster0.node1.processor0.core14
0,job6960.15,137,38,0,59604,59604.0,59718.166666666664,114.16666666666667,342500000000,0,26,the_platform.cluster0.node1.processor0.core15
0,job6960.16,137,38,0,59604,59604.0,59718.166666666664,114.16666666666667,342500000000,0,26,the_platform.cluster0.node1.processor0.core16
0,job6960.17,137,38,0,59604,59604.0,59718.166666666664,114.16666666666667,342500000000,0,26,the_platform.cluster0.node1.processor0.core17
0,job6960.18,137,38,0,59604,59604.0,59718.166666666664,114.16666666666667,342500000000,0,26,the_platform.cluster0.node1.processor0.core18
0,job6960.19,137,38,0,59604,59604.0,59718.166666666664,114.16666666666667,342500000000,0,26,the_platform.cluster0.node1.processor0.core19
0,job6960.20,137,38,0,59604,59604.0,59718.166666666664,114.16666666666667,342500000000,0,26,the_platform.cluster0.node1.processor0.core20
0,job6960.21,137,38,0,59604,59604.0,59718.166666666664,114.16666666666667,342500000000,0,26,the_platform.cluster0.node1.processor0.core21
0,job6960.22,137,38,0,59604,59604.0,59718.166666666664,114.16666666666667,342500000000,0,26,the_platform.cluster0.node1.processor0.core22
0,job6960.23,137,38,0,59604,59604.0,59718.166666666664,114.16666666666667,342500000000,0,26,the_platform.cluster0.node1.processor0.core23
0,job6960.24,137,38,0,59604,59604.0,59718.166666666664,114.16666666666667,342500000000,0,26,the_platform.cluster0.node1.processor0.core24
0,job6960.25,137,38,0,59604,59604.0,59718.166666666664,114.16666666666667,342500000000,0,26,the_platform.cluster0.node1.processor0.core25
0,job6960.26,137,38,0,59604,59604.0,59718.166666666664,114.16666666666667,342500000000,0,26,the_platform.cluster0.node1.processor0.core26
0,job6960.27,137,38,0,59604,59604.0,59718.166666666664,114.16666666666667,342500000000,0,26,the_platform.cluster0.node1.processor0.core27
0,job6960.28,137,38,0,59604,59604.0,59718.166666666664,114.16666666666667,342500000000,0,26,the_platform.cluster0.node1.processor0.core28
0,job6960.29,137,38,0,59604,59604.0,59718.166666666664,114.16666666666667,342500000000,0,26,the_platform.cluster0.node1.processor0.core29
0,job6960.30,137,38,0,59604,59604.0,59718.166666666664,114.16666666666667,342500000000,0,26,the_platform.cluster0.node1.processor0.core30
0,job6960.31,137,38,0,59604,59604.0,59718.166666666664,114.16666666666667,342500000000,0,26,the_platform.cluster0.node1.processor0.core31
0,job6960.32,137,38,0,59604,59604.0,59718.166666666664,114.16666666666667,342500000000,0,26,the_platform.cluster0.node1.processor0.core32
0,job6960.33,137,38,0,59604,59604.0,59718.166666666664,114.16666666666667,342500000000,0,26,the_platform.cluster0.node1.processor0.core33
0,job6960.34,137,38,0,59604,59604.0,59718.166666666664,114.16666666666667,342500000000,0,26,the_platform.cluster0.node1.processor0.core34
0,job6960.35,137,38,0,59604,59604.0,59718.166666666664,114.16666666666667,342500000000,0,26,the_platform.cluster0.node1.processor0.core35
0,job6960.36,137,38,0,59604,59604.0,59718.166666666664,114.16666666666667,342500000000,0,26,the_platform.cluster0.node1.processor0.core36
0,job6960.37,137,38,0,59604,59604.0,59718.166666666664,114.16666666666667,342500000000,0,26,the_platform.cluster0.node1.processor0.core37
0,job6962.0,140,1,0,59990,59990.0,60106.666666666664,116.66666666666667,350000000000,0,28,the_platform.cluster0.node0.processor0.core58
0,job6961.0,940,10,0,59699,59699.0,60482.333333333336,783.3333333333383,2350000000000,0,27,the_platform.cluster0.node1.processor0.core38
0,job6961.1,940,10,0,59699,59699.0,60482.333333333336,783.3333333333383,2350000000000,0,27,the_platform.cluster0.node1.processor0.core39
0,job6961.2,940,10,0,59699,59699.0,60482.333333333336,783.3333333333383,2350000000000,0,27,the_platform.cluster0.node1.processor0.core40
0,job6961.3,940,10,0,59699,59699.0,60482.333333333336,783.3333333333383,2350000000000,0,27,the_platform.cluster0.node1.processor0.core41
0,job6961.4,940,10,0,59699,59699.0,60482.333333333336,783.3333333333383,2350000000000,0,27,the_platform.cluster0.node1.processor0.core42
0,job6961.5,940,10,0,59699,59699.0,60482.333333333336,783.3333333333383,2350000000000,0,27,the_platform.cluster0.node1.processor0.core43
0,job6961.6,940,10,0,59699,59699.0,60482.333333333336,783.3333333333383,2350000000000,0,27,the_platform.cluster0.node1.processor0.core44
0,job6961.7,940,10,0,59699,59699.0,60482.333333333336,783.3333333333383,2350000000000,0,27,the_platform.cluster0.node1.processor0.core45
0,job6961.8,940,10,0,59699,59699.0,60482.333333333336,783.3333333333383,2350000000000,0,27,the_platform.cluster0.node1.processor0.core46
0,job6961.9,940,10,0,59699,59699.0,60482.333333333336,783.3333333333383,2350000000000,0,27,the_platform.cluster0.node1.processor0.core47
0,job6963.0,346,1,0,60215,60215.0,60503.333333333336,288.3333333333333,865000000000,0,29,the_platform.cluster0.node0.processor0.core58
0,job6964.0,904,10,0,60604,60604.0,61357.333333333336,753.3333333333334,2260000000000,0,30,the_platform.cluster0.node1.processor0.core0
0,job6964.1,904,10,0,60604,60604.0,61357.333333333336,753.3333333333334,2260000000000,0,30,the_platform.cluster0.node1.processor0.core1
0,job6964.2,904,10,0,60604,60604.0,61357.333333333336,753.3333333333334,2260000000000,0,30,the_platform.cluster0.node1.processor0.core2
0,job6964.3,904,10,0,60604,60604.0,61357.333333333336,753.3333333333334,2260000000000,0,30,the_platform.cluster0.node1.processor0.core3
0,job6964.4,904,10,0,60604,60604.0,61357.333333333336,753.3333333333334,2260000000000,0,30,the_platform.cluster0.node1.processor0.core4
0,job6964.5,904,10,0,60604,60604.0,61357.333333333336,753.3333333333334,2260000000000,0,30,the_platform.cluster0.node1.processor0.core5
0,job6964.6,904,10,0,60604,60604.0,61357.333333333336,753.3333333333334,2260000000000,0,30,the_platform.cluster0.node1.processor0.core6
0,job6964.7,904,10,0,60604,60604.0,61357.333333333336,753.3333333333334,2260000000000,0,30,the_platform.cluster0.node1.processor0.core7
0,job6964.8,904,10,0,60604,60604.0,61357.333333333336,753.3333333333334,2260000000000,0,30,the_platform.cluster0.node1.processor0.core8
0,job6964.9,904,10,0,60604,60604.0,61357.333333333336,753.3333333333334,2260000000000,0,30,the_platform.cluster0.node1.processor0.core9
0,job6967.0,213,1,0,62272,62272.0,62449.5,177.5,532500000000,0,33,the_platform.cluster0.node0.processor0.core58
0,job6966.0,1314,10,0,62197,62197.0,63292.0,1095.0,3285000000000,0,32,the_platform.cluster0.node1.processor0.core38
0,job6966.1,1314,10,0,62197,62197.0,63292.0,1095.0,3285000000000,0,32,the_platform.cluster0.node1.processor0.core39
0,job6966.2,1314,10,0,62197,62197.0,63292.0,1095.0,3285000000000,0,32,the_platform.cluster0.node1.processor0.core40
0,job6966.3,1314,10,0,62197,62197.0,63292.0,1095.0,3285000000000,0,32,the_platform.cluster0.node1.processor0.core41
0,job6966.4,1314,10,0,62197,62197.0,63292.0,1095.0,3285000000000,0,32,the_platform.cluster0.node1.processor0.core42
0,job6966.5,1314,10,0,62197,62197.0,63292.0,1095.0,3285000000000,0,32,the_platform.cluster0.node1.processor0.core43
0,job6966.6,1314,10,0,62197,62197.0,63292.0,1095.0,3285000000000,0,32,the_platform.cluster0.node1.processor0.core44
0,job6966.7,1314,10,0,62197,62197.0,63292.0,1095.0,3285000000000,0,32,the_platform.cluster0.node1.processor0.core45
0,job6966.8,1314,10,0,62197,62197.0,63292.0,1095.0,3285000000000,0,32,the_platform.cluster0.node1.processor0.core46
0,job6966.9,1314,10,0,62197,62197.0,63292.0,1095.0,3285000000000,0,32,the_platform.cluster0.node1.processor0.core47
0,job6965.0,1347,38,0,62176,62176.0,63298.5,1122.5,3367500000000,0,31,the_platform.cluster0.node1.processor0.core0
0,job6965.1,1347,38,0,62176,62176.0,63298.5,1122.5,3367500000000,0,31,the_platform.cluster0.node1.processor0.core1
0,job6965.2,1347,38,0,62176,62176.0,63298.5,1122.5,3367500000000,0,31,the_platform.cluster0.node1.processor0.core2
0,job6965.3,1347,38,0,62176,62176.0,63298.5,1122.5,3367500000000,0,31,the_platform.cluster0.node1.processor0.core3
0,job6965.4,1347,38,0,62176,62176.0,63298.5,1122.5,3367500000000,0,31,the_platform.cluster0.node1.processor0.core4
0,job6965.5,1347,38,0,62176,62176.0,63298.5,1122.5,3367500000000,0,31,the_platform.cluster0.node1.processor0.core5
0,job6965.6,1347,38,0,62176,62176.0,63298.5,1122.5,3367500000000,0,31,the_platform.cluster0.node1.processor0.core6
0,job6965.7,1347,38,0,62176,62176.0,63298.5,1122.5,3367500000000,0,31,the_platform.cluster0.node1.processor0.core7
0,job6965.8,1347,38,0,62176,62176.0,63298.5,1122.5,3367500000000,0,31,the_platform.cluster0.node1.processor0.core8
0,job6965.9,1347,38,0,62176,62176.0,63298.5,1122.5,3367500000000,0,31,the_platform.cluster0.node1.processor0.core9
0,job6965.10,1347,38,0,62176,62176.0,63298.5,1122.5,3367500000000,0,31,the_platform.cluster0.node1.processor0.core10
0,job6965.11,1347,38,0,62176,62176.0,63298.5,1122.5,3367500000000,0,31,the_platform.cluster0.node1.processor0.core11
0,job6965.12,1347,38,0,62176,62176.0,63298.5,1122.5,3367500000000,0,31,the_platform.cluster0.node1.processor0.core12
0,job6965.13,1347,38,0,62176,62176.0,63298.5,1122.5,3367500000000,0,31,the_platform.cluster0.node1.processor0.core13
0,job6965.14,1347,38,0,62176,62176.0,63298.5,1122.5,3367500000000,0,31,the_platform.cluster0.node1.processor0.core14
0,job6965.15,1347,38,0,62176,62176.0,63298.5,1122.5,3367500000000,0,31,the_platform.cluster0.node1.processor0.core15
0,job6965.16,1347,38,0,62176,62176.0,63298.5,1122.5,3367500000000,0,31,the_platform.cluster0.node1.processor0.core16
0,job6965.17,1347,38,0,62176,62176.0,63298.5,1122.5,3367500000000,0,31,the_platform.cluster0.node1.processor0.core17
0,job6965.18,1347,38,0,62176,62176.0,63298.5,1122.5,3367500000000,0,31,the_platform.cluster0.node1.processor0.core18
0,job6965.19,1347,38,0,62176,62176.0,63298.5,1122.5,3367500000000,0,31,the_platform.cluster0.node1.processor0.core19
0,job6965.20,1347,38,0,62176,62176.0,63298.5,1122.5,3367500000000,0,31,the_platform.cluster0.node1.processor0.core20
0,job6965.21,1347,38,0,62176,62176.0,63298.5,1122.5,3367500000000,0,31,the_platform.cluster0.node1.processor0.core21
0,job6965.22,1347,38,0,62176,62176.0,63298.5,1122.5,3367500000000,0,31,the_platform.cluster0.node1.processor0.core22
0,job6965.23,1347,38,0,62176,62176.0,63298.5,1122.5,3367500000000,0,31,the_platform.cluster0.node1.processor0.core23
0,job6965.24,1347,38,0,62176,62176.0,63298.5,1122.5,3367500000000,0,31,the_platform.cluster0.node1.processor0.core24
0,job6965.25,1347,38,0,62176,62176.0,63298.5,1122.5,3367500000000,0,31,the_platform.cluster0.node1.processor0.core25
0,job6965.26,1347,38,0,62176,62176.0,63298.5,1122.5,3367500000000,0,31,the_platform.cluster0.node1.processor0.core26
0,job6965.27,1347,38,0,62176,62176.0,63298.5,1122.5,3367500000000,0,31,the_platform.cluster0.node1.processor0.core27
0,job6965.28,1347,38,0,62176,62176.0,63298.5,1122.5,3367500000000,0,31,the_platform.cluster0.node1.processor0.core28
0,job6965.29,1347,38,0,62176,62176.0,63298.5,1122.5,3367500000000,0,31,the_platform.cluster0.node1.processor0.core29
0,job6965.30,1347,38,0,62176,62176.0,63298.5,1122.5,3367500000000,0,31,the_platform.cluster0.node1.processor0.core30
0,job6965.31,1347,38,0,62176,62176.0,63298.5,1122.5,3367500000000,0,31,the_platform.cluster0.node1.processor0.core31
0,job6965.32,1347,38,0,62176,62176.0,63298.5,1122.5,3367500000000,0,31,the_platform.cluster0.node1.processor0.core32
0,job6965.33,1347,38,0,62176,62176.0,63298.5,1122.5,3367500000000,0,31,the_platform.cluster0.node1.processor0.core33
0,job6965.34,1347,38,0,62176,62176.0,63298.5,1122.5,3367500000000,0,31,the_platform.cluster0.node1.processor0.core34
0,job6965.35,1347,38,0,62176,62176.0,63298.5,1122.5,3367500000000,0,31,the_platform.cluster0.node1.processor0.core35
0,job6965.36,1347,38,0,62176,62176.0,63298.5,1122.5,3367500000000,0,31,the_platform.cluster0.node1.processor0.core36
0,job6965.37,1347,38,0,62176,62176.0,63298.5,1122.5,3367500000000,0,31,the_platform.cluster0.node1.processor0.core37
0,job6968.0,1319,10,0,63713,63713.0,64812.166666666664,1099.1666666666667,3297500000000,0,34,the_platform.cluster0.node1.processor0.core0
0,job6968.1,1319,10,0,63713,63713.0,64812.166666666664,1099.1666666666667,3297500000000,0,34,the_platform.cluster0.node1.processor0.core1
0,job6968.2,1319,10,0,63713,63713.0,64812.166666666664,1099.1666666666667,3297500000000,0,34,the_platform.cluster0.node1.processor0.core2
0,job6968.3,1319,10,0,63713,63713.0,64812.166666666664,1099.1666666666667,3297500000000,0,34,the_platform.cluster0.node1.processor0.core3
0,job6968.4,1319,10,0,63713,63713.0,64812.166666666664,1099.1666666666667,3297500000000,0,34,the_platform.cluster0.node1.processor0.core4
0,job6968.5,1319,10,0,63713,63713.0,64812.166666666664,1099.1666666666667,3297500000000,0,34,the_platform.cluster0.node1.processor0.core5
0,job6968.6,1319,10,0,63713,63713.0,64812.166666666664,1099.1666666666667,3297500000000,0,34,the_platform.cluster0.node1.processor0.core6
0,job6968.7,1319,10,0,63713,63713.0,64812.166666666664,1099.1666666666667,3297500000000,0,34,the_platform.cluster0.node1.processor0.core7
0,job6968.8,1319,10,0,63713,63713.0,64812.166666666664,1099.1666666666667,3297500000000,0,34,the_platform.cluster0.node1.processor0.core8
0,job6968.9,1319,10,0,63713,63713.0,64812.166666666664,1099.1666666666667,3297500000000,0,34,the_platform.cluster0.node1.processor0.core9
0,job6970.0,103,10,0,65011,65011.0,65096.833333333336,85.83333333333333,257500000000,0,36,the_platform.cluster0.node1.processor0.core0
0,job6970.1,103,10,0,65011,65011.0,65096.833333333336,85.83333333333333,257500000000,0,36,the_platform.cluster0.node1.processor0.core1
0,job6970.2,103,10,0,65011,65011.0,65096.833333333336,85.83333333333333,257500000000,0,36,the_platform.cluster0.node1.processor0.core2
0,job6970.3,103,10,0,65011,65011.0,65096.833333333336,85.83333333333333,257500000000,0,36,the_platform.cluster0.node1.processor0.core3
0,job6970.4,103,10,0,65011,65011.0,65096.833333333336,85.83333333333333,257500000000,0,36,the_platform.cluster0.node1.processor0.core4
0,job6970.5,103,10,0,65011,65011.0,65096.833333333336,85.83333333333333,257500000000,0,36,the_platform.cluster0.node1.processor0.core5
0,job6970.6,103,10,0,65011,65011.0,65096.833333333336,85.83333333333333,257500000000,0,36,the_platform.cluster0.node1.processor0.core6
0,job6970.7,103,10,0,65011,65011.0,65096.833333333336,85.83333333333333,257500000000,0,36,the_platform.cluster0.node1.processor0.core7
0,job6970.8,103,10,0,65011,65011.0,65096.833333333336,85.83333333333333,257500000000,0,36,the_platform.cluster0.node1.processor0.core8
0,job6970.9,103,10,0,65011,65011.0,65096.833333333336,85.83333333333333,257500000000,0,36,the_platform.cluster0.node1.processor0.core9
0,job6969.0,648,1,0,64638,64638.0,65178.0,540.0000000000024,1620000000000,0,35,the_platform.cluster0.node0.processor0.core58
0,job6971.0,96,10,0,65233,65233.0,65313.0,80.0,240000000000,0,37,the_platform.cluster0.node1.processor0.core0
0,job6971.1,96,10,0,65233,65233.0,65313.0,80.0,240000000000,0,37,the_platform.cluster0.node1.processor0.core1
0,job6971.2,96,10,0,65233,65233.0,65313.0,80.0,240000000000,0,37,the_platform.cluster0.node1.processor0.core2
0,job6971.3,96,10,0,65233,65233.0,65313.0,80.0,240000000000,0,37,the_platform.cluster0.node1.processor0.core3
0,job6971.4,96,10,0,65233,65233.0,65313.0,80.0,240000000000,0,37,the_platform.cluster0.node1.processor0.core4
0,job6971.5,96,10,0,65233,65233.0,65313.0,80.0,240000000000,0,37,the_platform.cluster0.node1.processor0.core5
0,job6971.6,96,10,0,65233,65233.0,65313.0,80.0,240000000000,0,37,the_platform.cluster0.node1.processor0.core6
0,job6971.7,96,10,0,65233,65233.0,65313.0,80.0,240000000000,0,37,the_platform.cluster0.node1.processor0.core7
0,job6971.8,96,10,0,65233,65233.0,65313.0,80.0,240000000000,0,37,the_platform.cluster0.node1.processor0.core8
0,job6971.9,96,10,0,65233,65233.0,65313.0,80.0,240000000000,0,37,the_platform.cluster0.node1.processor0.core9
0,job6973.0,115,10,0,65539,65539.0,65634.83333333333,95.83333333333333,287500000000,0,39,the_platform.cluster0.node1.processor0.core50
0,job6973.1,115,10,0,65539,65539.0,65634.83333333333,95.83333333333333,287500000000,0,39,the_platform.cluster0.node1.processor0.core51
0,job6973.2,115,10,0,65539,65539.0,65634.83333333333,95.83333333333333,287500000000,0,39,the_platform.cluster0.node1.processor0.core52
0,job6973.3,115,10,0,65539,65539.0,65634.83333333333,95.83333333333333,287500000000,0,39,the_platform.cluster0.node1.processor0.core53
0,job6973.4,115,10,0,65539,65539.0,65634.83333333333,95.83333333333333,287500000000,0,39,the_platform.cluster0.node1.processor0.core54
0,job6973.5,115,10,0,65539,65539.0,65634.83333333333,95.83333333333333,287500000000,0,39,the_platform.cluster0.node1.processor0.core55
0,job6973.6,115,10,0,65539,65539.0,65634.83333333333,95.83333333333333,287500000000,0,39,the_platform.cluster0.node1.processor0.core56
0,job6973.7,115,10,0,65539,65539.0,65634.83333333333,95.83333333333333,287500000000,0,39,the_platform.cluster0.node1.processor0.core57
0,job6973.8,115,10,0,65539,65539.0,65634.83333333333,95.83333333333333,287500000000,0,39,the_platform.cluster0.node1.processor0.core58
0,job6973.9,115,10,0,65539,65539.0,65634.83333333333,95.83333333333333,287500000000,0,39,the_platform.cluster0.node1.processor0.core59
0,job6974.0,97,38,0,65997,65997.0,66077.83333333333,80.83333333333333,242500000000,0,40,the_platform.cluster0.node2.processor0.core0
0,job6974.1,97,38,0,65997,65997.0,66077.83333333333,80.83333333333333,242500000000,0,40,the_platform.cluster0.node2.processor0.core1
0,job6974.2,97,38,0,65997,65997.0,66077.83333333333,80.83333333333333,242500000000,0,40,the_platform.cluster0.node2.processor0.core2
0,job6974.3,97,38,0,65997,65997.0,66077.83333333333,80.83333333333333,242500000000,0,40,the_platform.cluster0.node2.processor0.core3
0,job6974.4,97,38,0,65997,65997.0,66077.83333333333,80.83333333333333,242500000000,0,40,the_platform.cluster0.node2.processor0.core4
0,job6974.5,97,38,0,65997,65997.0,66077.83333333333,80.83333333333333,242500000000,0,40,the_platform.cluster0.node2.processor0.core5
0,job6974.6,97,38,0,65997,65997.0,66077.83333333333,80.83333333333333,242500000000,0,40,the_platform.cluster0.node2.processor0.core6
0,job6974.7,97,38,0,65997,65997.0,66077.83333333333,80.83333333333333,242500000000,0,40,the_platform.cluster0.node2.processor0.core7
0,job6974.8,97,38,0,65997,65997.0,66077.83333333333,80.83333333333333,242500000000,0,40,the_platform.cluster0.node2.processor0.core8
0,job6974.9,97,38,0,65997,65997.0,66077.83333333333,80.83333333333333,242500000000,0,40,the_platform.cluster0.node2.processor0.core9
0,job6974.10,97,38,0,65997,65997.0,66077.83333333333,80.83333333333333,242500000000,0,40,the_platform.cluster0.node2.processor0.core10
0,job6974.11,97,38,0,65997,65997.0,66077.83333333333,80.83333333333333,242500000000,0,40,the_platform.cluster0.node2.processor0.core11
0,job6974.12,97,38,0,65997,65997.0,66077.83333333333,80.83333333333333,242500000000,0,40,the_platform.cluster0.node2.processor0.core12
0,job6974.13,97,38,0,65997,65997.0,66077.83333333333,80.83333333333333,242500000000,0,40,the_platform.cluster0.node2.processor0.core13
0,job6974.14,97,38,0,65997,65997.0,66077.83333333333,80.83333333333333,242500000000,0,40,the_platform.cluster0.node2.processor0.core14
0,job6974.15,97,38,0,65997,65997.0,66077.83333333333,80.83333333333333,242500000000,0,40,the_platform.cluster0.node2.processor0.core15
0,job6974.16,97,38,0,65997,65997.0,66077.83333333333,80.83333333333333,242500000000,0,40,the_platform.cluster0.node2.processor0.core16
0,job6974.17,97,38,0,65997,65997.0,66077.83333333333,80.83333333333333,242500000000,0,40,the_platform.cluster0.node2.processor0.core17
0,job6974.18,97,38,0,65997,65997.0,66077.83333333333,80.83333333333333,242500000000,0,40,the_platform.cluster0.node2.processor0.core18
0,job6974.19,97,38,0,65997,65997.0,66077.83333333333,80.83333333333333,242500000000,0,40,the_platform.cluster0.node2.processor0.core19
0,job6974.20,97,38,0,65997,65997.0,66077.83333333333,80.83333333333333,242500000000,0,40,the_platform.cluster0.node2.processor0.core20
0,job6974.21,97,38,0,65997,65997.0,66077.83333333333,80.83333333333333,242500000000,0,40,the_platform.cluster0.node2.processor0.core21
0,job6974.22,97,38,0,65997,65997.0,66077.83333333333,80.83333333333333,242500000000,0,40,the_platform.cluster0.node2.processor0.core22
0,job6974.23,97,38,0,65997,65997.0,66077.83333333333,80.83333333333333,242500000000,0,40,the_platform.cluster0.node2.processor0.core23
0,job6974.24,97,38,0,65997,65997.0,66077.83333333333,80.83333333333333,242500000000,0,40,the_platform.cluster0.node2.processor0.core24
0,job6974.25,97,38,0,65997,65997.0,66077.83333333333,80.83333333333333,242500000000,0,40,the_platform.cluster0.node2.processor0.core25
0,job6974.26,97,38,0,65997,65997.0,66077.83333333333,80.83333333333333,242500000000,0,40,the_platform.cluster0.node2.processor0.core26
0,job6974.27,97,38,0,65997,65997.0,66077.83333333333,80.83333333333333,242500000000,0,40,the_platform.cluster0.node2.processor0.core27
0,job6974.28,97,38,0,65997,65997.0,66077.83333333333,80.83333333333333,242500000000,0,40,the_platform.cluster0.node2.processor0.core28
0,job6974.29,97,38,0,65997,65997.0,66077.83333333333,80.83333333333333,242500000000,0,40,the_platform.cluster0.node2.processor0.core29
0,job6974.30,97,38,0,65997,65997.0,66077.83333333333,80.83333333333333,242500000000,0,40,the_platform.cluster0.node2.processor0.core30
0,job6974.31,97,38,0,65997,65997.0,66077.83333333333,80.83333333333333,242500000000,0,40,the_platform.cluster0.node2.processor0.core31
0,job6974.32,97,38,0,65997,65997.0,66077.83333333333,80.83333333333333,242500000000,0,40,the_platform.cluster0.node2.processor0.core32
0,job6974.33,97,38,0,65997,65997.0,66077.83333333333,80.83333333333333,242500000000,0,40,the_platform.cluster0.node2.processor0.core33
0,job6974.34,97,38,0,65997,65997.0,66077.83333333333,80.83333333333333,242500000000,0,40,the_platform.cluster0.node2.processor0.core34
0,job6974.35,97,38,0,65997,65997.0,66077.83333333333,80.83333333333333,242500000000,0,40,the_platform.cluster0.node2.processor0.core35
0,job6974.36,97,38,0,65997,65997.0,66077.83333333333,80.83333333333333,242500000000,0,40,the_platform.cluster0.node2.processor0.core36
0,job6974.37,97,38,0,65997,65997.0,66077.83333333333,80.83333333333333,242500000000,0,40,the_platform.cluster0.node2.processor0.core37
0,job6949.0,69799,25,0,8004,8004.0,66169.833333335,58165.83333333502,174497500000000,0,15,the_platform.cluster0.node0.processor0.core24
0,job6949.1,69799,25,0,8004,8004.0,66169.833333335,58165.83333333502,174497500000000,0,15,the_platform.cluster0.node0.processor0.core25
0,job6949.2,69799,25,0,8004,8004.0,66169.833333335,58165.83333333502,174497500000000,0,15,the_platform.cluster0.node0.processor0.core26
0,job6949.3,69799,25,0,8004,8004.0,66169.833333335,58165.83333333502,174497500000000,0,15,the_platform.cluster0.node0.processor0.core27
0,job6949.4,69799,25,0,8004,8004.0,66169.833333335,58165.83333333502,174497500000000,0,15,the_platform.cluster0.node0.processor0.core28
0,job6949.5,69799,25,0,8004,8004.0,66169.833333335,58165.83333333502,174497500000000,0,15,the_platform.cluster0.node0.processor0.core29
0,job6949.6,69799,25,0,8004,8004.0,66169.833333335,58165.83333333502,174497500000000,0,15,the_platform.cluster0.node0.processor0.core30
0,job6949.7,69799,25,0,8004,8004.0,66169.833333335,58165.83333333502,174497500000000,0,15,the_platform.cluster0.node0.processor0.core31
0,job6949.8,69799,25,0,8004,8004.0,66169.833333335,58165.83333333502,174497500000000,0,15,the_platform.cluster0.node0.processor0.core32
0,job6949.9,69799,25,0,8004,8004.0,66169.833333335,58165.83333333502,174497500000000,0,15,the_platform.cluster0.node0.processor0.core33
0,job6949.10,69799,25,0,8004,8004.0,66169.833333335,58165.83333333502,174497500000000,0,15,the_platform.cluster0.node0.processor0.core34
0,job6949.11,69799,25,0,8004,8004.0,66169.833333335,58165.83333333502,174497500000000,0,15,the_platform.cluster0.node0.processor0.core35
0,job6949.12,69799,25,0,8004,8004.0,66169.833333335,58165.83333333502,174497500000000,0,15,the_platform.cluster0.node0.processor0.core36
0,job6949.13,69799,25,0,8004,8004.0,66169.833333335,58165.83333333502,174497500000000,0,15,the_platform.cluster0.node0.processor0.core37
0,job6949.14,69799,25,0,8004,8004.0,66169.833333335,58165.83333333502,174497500000000,0,15,the_platform.cluster0.node0.processor0.core38
0,job6949.15,69799,25,0,8004,8004.0,66169.833333335,58165.83333333502,174497500000000,0,15,the_platform.cluster0.node0.processor0.core39
0,job6949.16,69799,25,0,8004,8004.0,66169.833333335,58165.83333333502,174497500000000,0,15,the_platform.cluster0.node0.processor0.core40
0,job6949.17,69799,25,0,8004,8004.0,66169.833333335,58165.83333333502,174497500000000,0,15,the_platform.cluster0.node0.processor0.core41
0,job6949.18,69799,25,0,8004,8004.0,66169.833333335,58165.83333333502,174497500000000,0,15,the_platform.cluster0.node0.processor0.core42
0,job6949.19,69799,25,0,8004,8004.0,66169.833333335,58165.83333333502,174497500000000,0,15,the_platform.cluster0.node0.processor0.core43
0,job6949.20,69799,25,0,8004,8004.0,66169.833333335,58165.83333333502,174497500000000,0,15,the_platform.cluster0.node0.processor0.core44
0,job6949.21,69799,25,0,8004,8004.0,66169.833333335,58165.83333333502,174497500000000,0,15,the_platform.cluster0.node0.processor0.core45
0,job6949.22,69799,25,0,8004,8004.0,66169.833333335,58165.83333333502,174497500000000,0,15,the_platform.cluster0.node0.processor0.core46
0,job6949.23,69799,25,0,8004,8004.0,66169.833333335,58165.83333333502,174497500000000,0,15,the_platform.cluster0.node0.processor0.core47
0,job6949.24,69799,25,0,8004,8004.0,66169.833333335,58165.83333333502,174497500000000,0,15,the_platform.cluster0.node0.processor0.core48
0,job6975.0,428,25,0,66098,66098.0,66454.666666667,356.6666666669981,1070000000000,0,41,the_platform.cluster0.node2.processor0.core0
0,job6975.1,428,25,0,66098,66098.0,66454.666666667,356.6666666669981,1070000000000,0,41,the_platform.cluster0.node2.processor0.core1
0,job6975.2,428,25,0,66098,66098.0,66454.666666667,356.6666666669981,1070000000000,0,41,the_platform.cluster0.node2.processor0.core2
0,job6975.3,428,25,0,66098,66098.0,66454.666666667,356.6666666669981,1070000000000,0,41,the_platform.cluster0.node2.processor0.core3
0,job6975.4,428,25,0,66098,66098.0,66454.666666667,356.6666666669981,1070000000000,0,41,the_platform.cluster0.node2.processor0.core4
0,job6975.5,428,25,0,66098,66098.0,66454.666666667,356.6666666669981,1070000000000,0,41,the_platform.cluster0.node2.processor0.core5
0,job6975.6,428,25,0,66098,66098.0,66454.666666667,356.6666666669981,1070000000000,0,41,the_platform.cluster0.node2.processor0.core6
0,job6975.7,428,25,0,66098,66098.0,66454.666666667,356.6666666669981,1070000000000,0,41,the_platform.cluster0.node2.processor0.core7
0,job6975.8,428,25,0,66098,66098.0,66454.666666667,356.6666666669981,1070000000000,0,41,the_platform.cluster0.node2.processor0.core8
0,job6975.9,428,25,0,66098,66098.0,66454.666666667,356.6666666669981,1070000000000,0,41,the_platform.cluster0.node2.processor0.core9
0,job6975.10,428,25,0,66098,66098.0,66454.666666667,356.6666666669981,1070000000000,0,41,the_platform.cluster0.node2.processor0.core10
0,job6975.11,428,25,0,66098,66098.0,66454.666666667,356.6666666669981,1070000000000,0,41,the_platform.cluster0.node2.processor0.core11
0,job6975.12,428,25,0,66098,66098.0,66454.666666667,356.6666666669981,1070000000000,0,41,the_platform.cluster0.node2.processor0.core12
0,job6975.13,428,25,0,66098,66098.0,66454.666666667,356.6666666669981,1070000000000,0,41,the_platform.cluster0.node2.processor0.core13
0,job6975.14,428,25,0,66098,66098.0,66454.666666667,356.6666666669981,1070000000000,0,41,the_platform.cluster0.node2.processor0.core14
0,job6975.15,428,25,0,66098,66098.0,66454.666666667,356.6666666669981,1070000000000,0,41,the_platform.cluster0.node2.processor0.core15
0,job6975.16,428,25,0,66098,66098.0,66454.666666667,356.6666666669981,1070000000000,0,41,the_platform.cluster0.node2.processor0.core16
0,job6975.17,428,25,0,66098,66098.0,66454.666666667,356.6666666669981,1070000000000,0,41,the_platform.cluster0.node2.processor0.core17
0,job6975.18,428,25,0,66098,66098.0,66454.666666667,356.6666666669981,1070000000000,0,41,the_platform.cluster0.node2.processor0.core18
0,job6975.19,428,25,0,66098,66098.0,66454.666666667,356.6666666669981,1070000000000,0,41,the_platform.cluster0.node2.processor0.core19
0,job6975.20,428,25,0,66098,66098.0,66454.666666667,356.6666666669981,1070000000000,0,41,the_platform.cluster0.node2.processor0.core20
0,job6975.21,428,25,0,66098,66098.0,66454.666666667,356.6666666669981,1070000000000,0,41,the_platform.cluster0.node2.processor0.core21
0,job6975.22,428,25,0,66098,66098.0,66454.666666667,356.6666666669981,1070000000000,0,41,the_platform.cluster0.node2.processor0.core22
0,job6975.23,428,25,0,66098,66098.0,66454.666666667,356.6666666669981,1070000000000,0,41,the_platform.cluster0.node2.processor0.core23
0,job6975.24,428,25,0,66098,66098.0,66454.666666667,356.6666666669981,1070000000000,0,41,the_platform.cluster0.node2.processor0.core24
0,job6976.0,96,1,0,66413,66413.0,66493.00000000033,80.00000000032712,240000000000,0,42,the_platform.cluster0.node0.processor0.core24
0,job6977.0,58,1,0,66465,66465.0,66513.33333333333,48.33333333333333,145000000000,0,43,the_platform.cluster0.node0.processor0.core25
0,job6972.0,7396,50,0,65523,65523.0,71686.333333334,6163.3333333340015,18490000000000,0,38,the_platform.cluster0.node1.processor0.core0
0,job6972.1,7396,50,0,65523,65523.0,71686.333333334,6163.3333333340015,18490000000000,0,38,the_platform.cluster0.node1.processor0.core1
0,job6972.2,7396,50,0,65523,65523.0,71686.333333334,6163.3333333340015,18490000000000,0,38,the_platform.cluster0.node1.processor0.core2
0,job6972.3,7396,50,0,65523,65523.0,71686.333333334,6163.3333333340015,18490000000000,0,38,the_platform.cluster0.node1.processor0.core3
0,job6972.4,7396,50,0,65523,65523.0,71686.333333334,6163.3333333340015,18490000000000,0,38,the_platform.cluster0.node1.processor0.core4
0,job6972.5,7396,50,0,65523,65523.0,71686.333333334,6163.3333333340015,18490000000000,0,38,the_platform.cluster0.node1.processor0.core5
0,job6972.6,7396,50,0,65523,65523.0,71686.333333334,6163.3333333340015,18490000000000,0,38,the_platform.cluster0.node1.processor0.core6
0,job6972.7,7396,50,0,65523,65523.0,71686.333333334,6163.3333333340015,18490000000000,0,38,the_platform.cluster0.node1.processor0.core7
0,job6972.8,7396,50,0,65523,65523.0,71686.333333334,6163.3333333340015,18490000000000,0,38,the_platform.cluster0.node1.processor0.core8
0,job6972.9,7396,50,0,65523,65523.0,71686.333333334,6163.3333333340015,18490000000000,0,38,the_platform.cluster0.node1.processor0.core9
0,job6972.10,7396,50,0,65523,65523.0,71686.333333334,6163.3333333340015,18490000000000,0,38,the_platform.cluster0.node1.processor0.core10
0,job6972.11,7396,50,0,65523,65523.0,71686.333333334,6163.3333333340015,18490000000000,0,38,the_platform.cluster0.node1.processor0.core11
0,job6972.12,7396,50,0,65523,65523.0,71686.333333334,6163.3333333340015,18490000000000,0,38,the_platform.cluster0.node1.processor0.core12
0,job6972.13,7396,50,0,65523,65523.0,71686.333333334,6163.3333333340015,18490000000000,0,38,the_platform.cluster0.node1.processor0.core13
0,job6972.14,7396,50,0,65523,65523.0,71686.333333334,6163.3333333340015,18490000000000,0,38,the_platform.cluster0.node1.processor0.core14
0,job6972.15,7396,50,0,65523,65523.0,71686.333333334,6163.3333333340015,18490000000000,0,38,the_platform.cluster0.node1.processor0.core15
0,job6972.16,7396,50,0,65523,65523.0,71686.333333334,6163.3333333340015,18490000000000,0,38,the_platform.cluster0.node1.processor0.core16
0,job6972.17,7396,50,0,65523,65523.0,71686.333333334,6163.3333333340015,18490000000000,0,38,the_platform.cluster0.node1.processor0.core17
0,job6972.18,7396,50,0,65523,65523.0,71686.333333334,6163.3333333340015,18490000000000,0,38,the_platform.cluster0.node1.processor0.core18
0,job6972.19,7396,50,0,65523,65523.0,71686.333333334,6163.3333333340015,18490000000000,0,38,the_platform.cluster0.node1.processor0.core19
0,job6972.20,7396,50,0,65523,65523.0,71686.333333334,6163.3333333340015,18490000000000,0,38,the_platform.cluster0.node1.processor0.core20
0,job6972.21,7396,50,0,65523,65523.0,71686.333333334,6163.3333333340015,18490000000000,0,38,the_platform.cluster0.node1.processor0.core21
0,job6972.22,7396,50,0,65523,65523.0,71686.333333334,6163.3333333340015,18490000000000,0,38,the_platform.cluster0.node1.processor0.core22
0,job6972.23,7396,50,0,65523,65523.0,71686.333333334,6163.3333333340015,18490000000000,0,38,the_platform.cluster0.node1.processor0.core23
0,job6972.24,7396,50,0,65523,65523.0,71686.333333334,6163.3333333340015,18490000000000,0,38,the_platform.cluster0.node1.processor0.core24
0,job6972.25,7396,50,0,65523,65523.0,71686.333333334,6163.3333333340015,18490000000000,0,38,the_platform.cluster0.node1.processor0.core25
0,job6972.26,7396,50,0,65523,65523.0,71686.333333334,6163.3333333340015,18490000000000,0,38,the_platform.cluster0.node1.processor0.core26
0,job6972.27,7396,50,0,65523,65523.0,71686.333333334,6163.3333333340015,18490000000000,0,38,the_platform.cluster0.node1.processor0.core27
0,job6972.28,7396,50,0,65523,65523.0,71686.333333334,6163.3333333340015,18490000000000,0,38,the_platform.cluster0.node1.processor0.core28
0,job6972.29,7396,50,0,65523,65523.0,71686.333333334,6163.3333333340015,18490000000000,0,38,the_platform.cluster0.node1.processor0.core29
0,job6972.30,7396,50,0,65523,65523.0,71686.333333334,6163.3333333340015,18490000000000,0,38,the_platform.cluster0.node1.processor0.core30
0,job6972.31,7396,50,0,65523,65523.0,71686.333333334,6163.3333333340015,18490000000000,0,38,the_platform.cluster0.node1.processor0.core31
0,job6972.32,7396,50,0,65523,65523.0,71686.333333334,6163.3333333340015,18490000000000,0,38,the_platform.cluster0.node1.processor0.core32
0,job6972.33,7396,50,0,65523,65523.0,71686.333333334,6163.3333333340015,18490000000000,0,38,the_platform.cluster0.node1.processor0.core33
0,job6972.34,7396,50,0,65523,65523.0,71686.333333334,6163.3333333340015,18490000000000,0,38,the_platform.cluster0.node1.processor0.core34
0,job6972.35,7396,50,0,65523,65523.0,71686.333333334,6163.3333333340015,18490000000000,0,38,the_platform.cluster0.node1.processor0.core35
0,job6972.36,7396,50,0,65523,65523.0,71686.333333334,6163.3333333340015,18490000000000,0,38,the_platform.cluster0.node1.processor0.core36
0,job6972.37,7396,50,0,65523,65523.0,71686.333333334,6163.3333333340015,18490000000000,0,38,the_platform.cluster0.node1.processor0.core37
0,job6972.38,7396,50,0,65523,65523.0,71686.333333334,6163.3333333340015,18490000000000,0,38,the_platform.cluster0.node1.processor0.core38
0,job6972.39,7396,50,0,65523,65523.0,71686.333333334,6163.3333333340015,18490000000000,0,38,the_platform.cluster0.node1.processor0.core39
0,job6972.40,7396,50,0,65523,65523.0,71686.333333334,6163.3333333340015,18490000000000,0,38,the_platform.cluster0.node1.processor0.core40
0,job6972.41,7396,50,0,65523,65523.0,71686.333333334,6163.3333333340015,18490000000000,0,38,the_platform.cluster0.node1.processor0.core41
0,job6972.42,7396,50,0,65523,65523.0,71686.333333334,6163.3333333340015,18490000000000,0,38,the_platform.cluster0.node1.processor0.core42
0,job6972.43,7396,50,0,65523,65523.0,71686.333333334,6163.3333333340015,18490000000000,0,38,the_platform.cluster0.node1.processor0.core43
0,job6972.44,7396,50,0,65523,65523.0,71686.333333334,6163.3333333340015,18490000000000,0,38,the_platform.cluster0.node1.processor0.core44
0,job6972.45,7396,50,0,65523,65523.0,71686.333333334,6163.3333333340015,18490000000000,0,38,the_platform.cluster0.node1.processor0.core45
0,job6972.46,7396,50,0,65523,65523.0,71686.333333334,6163.3333333340015,18490000000000,0,38,the_platform.cluster0.node1.processor0.core46
0,job6972.47,7396,50,0,65523,65523.0,71686.333333334,6163.3333333340015,18490000000000,0,38,the_platform.cluster0.node1.processor0.core47
0,job6972.48,7396,50,0,65523,65523.0,71686.333333334,6163.3333333340015,18490000000000,0,38,the_platform.cluster0.node1.processor0.core48
0,job6972.49,7396,50,0,65523,65523.0,71686.333333334,6163.3333333340015,18490000000000,0,38,the_platform.cluster0.node1.processor0.core49
0,job6957.0,82343,20,0,49891,49891.0,118510.16666666833,68619.16666666833,205857500000000,0,23,the_platform.cluster0.node0.processor0.core13
0,job6957.1,82343,20,0,49891,49891.0,118510.16666666833,68619.16666666833,205857500000000,0,23,the_platform.cluster0.node0.processor0.core14
0,job6957.2,82343,20,0,49891,49891.0,118510.16666666833,68619.16666666833,205857500000000,0,23,the_platform.cluster0.node0.processor0.core15
0,job6957.3,82343,20,0,49891,49891.0,118510.16666666833,68619.16666666833,205857500000000,0,23,the_platform.cluster0.node0.processor0.core16
0,job6957.4,82343,20,0,49891,49891.0,118510.16666666833,68619.16666666833,205857500000000,0,23,the_platform.cluster0.node0.processor0.core17
0,job6957.5,82343,20,0,49891,49891.0,118510.16666666833,68619.16666666833,205857500000000,0,23,the_platform.cluster0.node0.processor0.core18
0,job6957.6,82343,20,0,49891,49891.0,118510.16666666833,68619.16666666833,205857500000000,0,23,the_platform.cluster0.node0.processor0.core19
0,job6957.7,82343,20,0,49891,49891.0,118510.16666666833,68619.16666666833,205857500000000,0,23,the_platform.cluster0.node0.processor0.core20
0,job6957.8,82343,20,0,49891,49891.0,118510.16666666833,68619.16666666833,205857500000000,0,23,the_platform.cluster0.node0.processor0.core21
0,job6957.9,82343,20,0,49891,49891.0,118510.16666666833,68619.16666666833,205857500000000,0,23,the_platform.cluster0.node0.processor0.core22
0,job6957.10,82343,20,0,49891,49891.0,118510.16666666833,68619.16666666833,205857500000000,0,23,the_platform.cluster0.node0.processor0.core23
0,job6957.11,82343,20,0,49891,49891.0,118510.16666666833,68619.16666666833,205857500000000,0,23,the_platform.cluster0.node0.processor0.core49
0,job6957.12,82343,20,0,49891,49891.0,118510.16666666833,68619.16666666833,205857500000000,0,23,the_platform.cluster0.node0.processor0.core50
0,job6957.13,82343,20,0,49891,49891.0,118510.16666666833,68619.16666666833,205857500000000,0,23,the_platform.cluster0.node0.processor0.core51
0,job6957.14,82343,20,0,49891,49891.0,118510.16666666833,68619.16666666833,205857500000000,0,23,the_platform.cluster0.node0.processor0.core52
0,job6957.15,82343,20,0,49891,49891.0,118510.16666666833,68619.16666666833,205857500000000,0,23,the_platform.cluster0.node0.processor0.core53
0,job6957.16,82343,20,0,49891,49891.0,118510.16666666833,68619.16666666833,205857500000000,0,23,the_platform.cluster0.node0.processor0.core54
0,job6957.17,82343,20,0,49891,49891.0,118510.16666666833,68619.16666666833,205857500000000,0,23,the_platform.cluster0.node0.processor0.core55
0,job6957.18,82343,20,0,49891,49891.0,118510.16666666833,68619.16666666833,205857500000000,0,23,the_platform.cluster0.node0.processor0.core56
0,job6957.19,82343,20,0,49891,49891.0,118510.16666666833,68619.16666666833,205857500000000,0,23,the_platform.cluster0.node0.processor0.core57
0,job6956.0,252000,13,0,47772,47772.0,257772.0000000017,210000.0000000017,630000000000000,0,22,the_platform.cluster0.node0.processor0.core0
0,job6956.1,252000,13,0,47772,47772.0,257772.0000000017,210000.0000000017,630000000000000,0,22,the_platform.cluster0.node0.processor0.core1
0,job6956.2,252000,13,0,47772,47772.0,257772.0000000017,210000.0000000017,630000000000000,0,22,the_platform.cluster0.node0.processor0.core2
0,job6956.3,252000,13,0,47772,47772.0,257772.0000000017,210000.0000000017,630000000000000,0,22,the_platform.cluster0.node0.processor0.core3
0,job6956.4,252000,13,0,47772,47772.0,257772.0000000017,210000.0000000017,630000000000000,0,22,the_platform.cluster0.node0.processor0.core4
0,job6956.5,252000,13,0,47772,47772.0,257772.0000000017,210000.0000000017,630000000000000,0,22,the_platform.cluster0.node0.processor0.core5
0,job6956.6,252000,13,0,47772,47772.0,257772.0000000017,210000.0000000017,630000000000000,0,22,the_platform.cluster0.node0.processor0.core6
0,job6956.7,252000,13,0,47772,47772.0,257772.0000000017,210000.0000000017,630000000000000,0,22,the_platform.cluster0.node0.processor0.core7
0,job6956.8,252000,13,0,47772,47772.0,257772.0000000017,210000.0000000017,630000000000000,0,22,the_platform.cluster0.node0.processor0.core8
0,job6956.9,252000,13,0,47772,47772.0,257772.0000000017,210000.0000000017,630000000000000,0,22,the_platform.cluster0.node0.processor0.core9
0,job6956.10,252000,13,0,47772,47772.0,257772.0000000017,210000.0000000017,630000000000000,0,22,the_platform.cluster0.node0.processor0.core10
0,job6956.11,252000,13,0,47772,47772.0,257772.0000000017,210000.0000000017,630000000000000,0,22,the_platform.cluster0.node0.processor0.core11
0,job6956.12,252000,13,0,47772,47772.0,257772.0000000017,210000.0000000017,630000000000000,0,22,the_platform.cluster0.node0.processor0.core12
